-- MySQL dump 10.13  Distrib 8.0.36, for Win64 (x86_64)
--
-- Host: localhost    Database: polai
-- ------------------------------------------------------
-- Server version	8.0.37

/*!40101 SET @OLD_CHARACTER_SET_CLIENT=@@CHARACTER_SET_CLIENT */;
/*!40101 SET @OLD_CHARACTER_SET_RESULTS=@@CHARACTER_SET_RESULTS */;
/*!40101 SET @OLD_COLLATION_CONNECTION=@@COLLATION_CONNECTION */;
/*!50503 SET NAMES utf8 */;
/*!40103 SET @OLD_TIME_ZONE=@@TIME_ZONE */;
/*!40103 SET TIME_ZONE='+00:00' */;
/*!40014 SET @OLD_UNIQUE_CHECKS=@@UNIQUE_CHECKS, UNIQUE_CHECKS=0 */;
/*!40014 SET @OLD_FOREIGN_KEY_CHECKS=@@FOREIGN_KEY_CHECKS, FOREIGN_KEY_CHECKS=0 */;
/*!40101 SET @OLD_SQL_MODE=@@SQL_MODE, SQL_MODE='NO_AUTO_VALUE_ON_ZERO' */;
/*!40111 SET @OLD_SQL_NOTES=@@SQL_NOTES, SQL_NOTES=0 */;

--
-- Table structure for table `qrdata`
--

DROP TABLE IF EXISTS `qrdata`;
/*!40101 SET @saved_cs_client     = @@character_set_client */;
/*!50503 SET character_set_client = utf8mb4 */;
CREATE TABLE `qrdata` (
  `code` int NOT NULL AUTO_INCREMENT,
  `qr_name` decimal(12,0) NOT NULL,
  `buyer` varchar(45) NOT NULL,
  `playtime` tinyint NOT NULL,
  `buy_date` datetime NOT NULL DEFAULT CURRENT_TIMESTAMP,
  `buy_to` datetime NOT NULL,
  `buy_end` datetime NOT NULL,
  `facility_name` varchar(40) NOT NULL,
  `use` tinyint NOT NULL DEFAULT '0',
  PRIMARY KEY (`code`),
  UNIQUE KEY `qr_name` (`qr_name`)
) ENGINE=InnoDB AUTO_INCREMENT=58 DEFAULT CHARSET=utf8mb4 COLLATE=utf8mb4_0900_ai_ci;
/*!40101 SET character_set_client = @saved_cs_client */;

--
-- Dumping data for table `qrdata`
--

LOCK TABLES `qrdata` WRITE;
/*!40000 ALTER TABLE `qrdata` DISABLE KEYS */;
/*!40000 ALTER TABLE `qrdata` ENABLE KEYS */;
UNLOCK TABLES;

--
-- Table structure for table `강습안내`
--

DROP TABLE IF EXISTS `강습안내`;
/*!40101 SET @saved_cs_client     = @@character_set_client */;
/*!50503 SET character_set_client = utf8mb4 */;
CREATE TABLE `강습안내` (
  `code` int NOT NULL AUTO_INCREMENT,
  `Facility_code` int DEFAULT NULL,
  `num` int NOT NULL,
  `lesson_name` varchar(10) DEFAULT NULL,
  `time` varchar(15) DEFAULT NULL,
  `cos` varchar(10) DEFAULT NULL,
  `content` varchar(10) DEFAULT NULL,
  `target` varchar(15) DEFAULT NULL,
  `day` varchar(10) DEFAULT NULL,
  `limit` int DEFAULT NULL,
  `now_people` int DEFAULT NULL,
  `stand_people` int DEFAULT NULL,
  PRIMARY KEY (`code`,`num`)
) ENGINE=InnoDB AUTO_INCREMENT=129 DEFAULT CHARSET=utf8mb4 COLLATE=utf8mb4_0900_ai_ci;
/*!40101 SET character_set_client = @saved_cs_client */;

--
-- Dumping data for table `강습안내`
--

LOCK TABLES `강습안내` WRITE;
/*!40000 ALTER TABLE `강습안내` DISABLE KEYS */;
INSERT INTO `강습안내` VALUES (1,1,1,'아침수영','06:00 ~ 06:50','초급','자유형, 배영','남녀(성인/청소년)','월화수목',22,20,122),(2,1,2,'아침수영','06:00 ~ 06:50','중급','평영','남녀(성인/청소년)','월화수목',22,20,10),(4,1,4,'아침수영','06:00 ~ 06:50','연수','영법교정','성인남녀','월화수목',22,25,0),(5,1,5,'아침수영','07:00 ~ 07:50','초급','자유형, 배영','남녀(성인/청소년)','월화수목',22,20,83),(6,1,6,'아침수영','07:00 ~ 07:50','중급','평영','남녀(성인/청소년)','월화수목',22,20,12),(7,1,7,'아침수영','07:00 ~ 07:50','상급','접영','남녀(성인/청소년)','월화수목',22,25,4),(8,1,10,'오전수영','09:00 ~ 09:50','초급','자유형, 배영','남녀(성인/청소년)','월화수목',22,20,0),(9,1,11,'오전수영','09:00 ~ 09:50','초급','자유형, 배영','남녀(성인/청소년)','월화수목',22,20,50),(10,1,13,'오전수영','09:00 ~ 09:50','상급','접영','남녀(성인/청소년)','월화수목',22,25,3),(11,1,14,'오전수영','10:00 ~ 10:50','초급','자유형, 배영','남녀(성인/청소년)','월화수목',22,20,60),(12,1,15,'오전수영','10:00 ~ 10:50','중급','평영','남녀(성인/청소년)','월화수목',22,20,22),(13,1,16,'오전수영','10:00 ~ 10:50','상급','접영','남녀(성인/청소년)','월화수목',22,20,2),(14,1,17,'오전수영','10:00 ~ 10:50','연수','영법교정','성인남녀','월화수목',22,25,0),(15,1,20,'어린이수영','16:00 ~ 16:50','초급','자유형, 배영','초등학생','월화수목',22,20,9),(16,1,21,'어린이수영','16:00 ~ 16:50','중급','평영','초등학생','월화수목',22,20,3),(17,1,22,'어린이수영','16:00 ~ 16:50','상급','접영','초등학생','월화수목',22,20,2),(18,1,23,'어린이수영','17:00 ~ 17:50','초급','자유형, 배영','초등학생','월화수목',22,20,17),(19,1,24,'어린이수영','17:00 ~ 17:50','중급','평영','초등학생','월화수목',22,20,7),(20,1,25,'어린이수영','17:00 ~ 17:50','상급','접영','초등학생','월화수목',22,20,12),(21,1,30,'저녁수영','18:50 ~ 19:40','초급','자유형, 배영','남녀(성인/청소년)','월화수목',22,20,90),(22,1,31,'저녁수영','18:50 ~ 19:40','중급','평영','남녀(성인/청소년)','월화수목',22,20,6),(23,1,32,'저녁수영','18:50 ~ 19:40','상급','접영','남녀(성인/청소년)','월화수목',22,25,10),(24,1,33,'저녁수영','19:40 ~ 20:30','초급','자유형, 배영','남녀(성인/청소년)','월화수목',22,20,92),(25,1,35,'저녁수영','19:40 ~ 20:30','상급','접영','남녀(성인/청소년)','월화수목',15,20,10),(26,1,40,'주말수영','09:50 ~ 11:30','초급','자유형, 배영','초등학생','토',22,20,70),(27,1,41,'주말수영','09:50 ~ 11:30','중급','평영','초등학생','토',22,20,18),(28,1,50,'아쿠아로빅','14:00 ~ 14:50','1반','아쿠아로빅','남녀(성인)','월수금',40,25,36),(29,1,51,'아쿠아로빅','13:00 ~ 13:50','2반','아쿠아로빅','성인여성','월수금',35,25,0),(30,1,52,'아쿠아로빅','15:00 ~ 15:50','3반','아쿠아로빅','남녀(성인)','월수금',40,25,45),(31,150,1,'새벽수영','06:00 ~ 06:50','초급','자유형,배영','남녀(성인/청소년)','화수목금',25,25,183),(32,150,2,'새벽수영','06:00 ~ 06:50','중급','평영','남녀(성인/청소년)','화수목금',25,25,96),(33,150,3,'새벽수영','06:00 ~ 06:50','상급','접영','남녀(성인/청소년)','화수목금',25,35,21),(34,150,4,'새벽수영','07:00 ~ 07:50','초급','자유형, 배영','남녀(성인/청소년)','화수목금',25,25,121),(35,150,5,'새벽수영','07:00 ~ 07:50','중급','평영','남녀(성인/청소년)','화수목금',25,25,22),(36,150,6,'새벽수영','07:00 ~ 07:50','상급','접영','남녀(성인/청소년)','화수목금',25,25,53),(37,150,10,'오전수영','09:30 ~ 10:20','초급','자유형, 배영','남녀(성인)','화수목금',25,25,93),(38,150,11,'오전수영','09:30 ~ 10:20','중급','평영','남녀(성인)','화수목금',25,25,18),(39,150,12,'오전수영','09:30 ~ 10:20','상급','접영','남녀(성인)','화수목금',25,25,19),(40,150,13,'오전수영','10:30 ~ 11:20','초급','자유형, 배영','남녀(성인)','화수목금',25,25,84),(41,150,14,'오전수영','10:30 ~ 11:20','중급','평영','남녀(성인)','화수목금',25,25,23),(42,150,15,'오전수영','10:30 ~ 11:20','상급','접영','남녀(성인)','화수목금',25,25,8),(43,150,20,'어린이수영','16:00 ~ 16:50','초급','자유형, 배영','남녀(초등학생)','화수목금',20,20,27),(44,150,21,'어린이수영','16:00 ~ 16:50','중급','평영','남녀(초등학생)','화수목금',25,20,0),(45,150,22,'어린이수영','16:00 ~ 16:50','상급','접영','남녀(초등학생)','화수목금',25,25,5),(46,150,23,'어린이수영','17:00 ~ 17:50','초급','자유형, 배영','남녀(초등학생)','화수목금',20,20,17),(47,150,24,'어린이수영','17:00 ~ 17:50','중급','평영','남녀(초등학생)','화수목금',25,20,0),(48,150,30,'저녁수영','18:50 ~ 19:40','초급','자유형, 배영','남녀(성인/청소년)','화수목금',25,25,138),(49,150,31,'저녁수영','18:50 ~ 19:40','중급','평영','남녀(성인/청소년)','화수목금',25,25,7),(50,150,32,'저녁수영','18:50 ~ 19:40','상급','접영','남녀(성인/청소년)','화수목금',25,35,27),(51,150,33,'저녁수영','19:40 ~ 20:30','초급','자유형, 배영','남녀(성인/청소년)','화수목금',25,25,160),(52,150,35,'저녁수영','19:40 ~ 20:30','상급','접영','남녀(성인/청소년)','화수목금',25,35,14),(53,150,40,'주말수영','15:00 ~ 15:50','초급','자유형, 배영','남녀(초등학생)','토일',20,20,73),(54,150,41,'주말수영','15:00 ~ 15:50','중급','평영','남녀(초등학생)','토일',25,20,0),(55,150,42,'주말수영','15:00 ~ 15:50','상급','접영','남녀(초등학생)','토일',25,20,0),(56,150,43,'주말수영','16:00 ~ 16:50','초급','자유형, 배영','남녀(초등학생)','토일',20,20,91),(57,150,44,'주말수영','16:00 ~ 16:50','중급','평영','남녀(초등학생)','토일',25,20,2),(58,150,45,'주말수영','16:00 ~ 16:50','상급','접영','남녀(초등학생)','토일',25,20,0),(59,150,50,'아쿠아로빅','13:10 ~ 14:00','아쿠아로빅','아쿠아로빅','남녀(성인/청소년)','화목금',50,50,145),(60,200,1,'새벽수영','06:00 ~ 06:50','초급','자유형, 배영','성인남녀','화수목금',30,30,173),(61,200,2,'새벽수영','06:00 ~ 06:50','중급','평영','성인남녀','화수목금',40,40,30),(62,200,3,'새벽수영','06:00 ~ 06:50','상급','접영','성인남녀','화수목금',50,50,132),(64,200,5,'새벽수영','07:00 ~ 07:50','초급','자유형, 배영','성인남녀','화수목금',30,30,111),(65,200,6,'새벽수영','07:00 ~ 07:50','중급','평영','성인남녀','화수목금',40,40,19),(66,200,7,'새벽수영','07:00 ~ 07:50','상급','접영','성인남녀','화수목금',50,50,74),(67,200,20,'오전수영','10:00 ~ 10:50','초급','자유형, 배영','남녀(성인)','화수목금',30,30,97),(68,200,21,'오전수영','10:00 ~ 10:50','중급','평영','남녀(성인)','화수목금',40,40,22),(69,200,22,'오전수영','10:00 ~ 10:50','연수','영법교정','남녀(성인)','화수목금',40,40,0),(71,200,30,'어린이수영','16:00 ~ 16:50','초급','자유형, 배영','초등학생','화수목금',25,25,17),(72,200,31,'어린이수영','16:00 ~ 16:50','중급','평영','초등학생','화수목금',30,30,6),(73,200,33,'어린이수영','17:00 ~ 17:50','초급','자유형, 배영','초등학생','화수목금',25,25,19),(74,200,34,'어린이수영','17:00 ~ 17:50','중급','평영','초등학생','화수목금',30,30,2),(75,200,35,'어린이수영','17:00 ~ 17:50','상급','접영','초등학생','화수목금',35,35,1),(76,200,36,'어린이수영','18:00 ~ 18:50','초급','자유형, 배영','초등학생','화수목금',25,25,13),(77,200,37,'어린이수영','18:00 ~ 18:50','중급','평영','초등학생','화수목금',30,30,5),(79,200,40,'저녁수영','19:00 ~ 19:50','초급','자유형, 배영','성인남녀','화수목금',30,30,148),(80,200,41,'저녁수영','19:00 ~ 19:50','중급','평영','성인남녀','화수목금',40,40,13),(81,200,42,'저녁수영','19:00 ~ 19:50','상급','접영','성인남녀','화수목금',50,50,10),(82,200,43,'저녁수영','19:50 ~ 20:40','초급','자유형, 배영','성인남녀','화수목금',30,30,117),(83,200,44,'저녁수영','19:50 ~ 20:40','중급','평영','성인남녀','화수목금',40,40,10),(84,200,53,'주말수영','16:00 ~ 16:50','초급','자유형, 배영','초등학생','토일',25,25,44),(85,200,54,'주말수영','16:00 ~ 16:50','중급','평영','초등학생','토일',30,30,6),(86,200,55,'주말수영','16:00 ~ 16:50','상급','접영','초등학생','토일',35,35,4),(87,200,50,'주말수영','15:00 ~ 15:50','초급','자유형, 배영','초등학생','토일',25,25,56),(88,200,51,'주말수영','15:00 ~ 15:50','중급','평영','초등학생','토일',30,30,5),(89,200,52,'주말수영','15:00 ~ 15:50','상급','접영','초등학생','토일',35,35,2),(90,200,60,'아쿠아로빅','11:00 ~ 11:50','수중운동, 건강체조','아쿠아로빅','성인남녀','화목금',50,50,160),(92,150,60,'에어로빅','09:00 ~ 09:50','','에어로빅/박스스텝','남녀(성인/청소년)','화수목금',30,30,0),(93,150,61,'에어로빅','10:00 ~ 10:50','','에어로빅/박스스텝','남녀(성인/청소년)','화수목금',30,27,0),(94,150,70,'요가/필라테스','19:00 ~ 19:50','','요가/필라테스','남녀(초등학생이상)','화수목금',30,30,183),(95,150,71,'요가/필라테스','20:00 ~ 20:50','','요가/필라테스','남녀(초등학생이상)','화수목금',30,30,134),(98,150,90,'탁구스쿨','19:00 ~ 20:50','','탁구 강습','남녀(초등4학년이상)','화목',20,20,171),(99,150,25,'어린이수영','17:00 ~ 17:50','상급','접영','남녀(초등학생)','화수목금',25,25,0),(102,1,3,'아침수영','06:00 ~ 06:50','상급','접영','남녀(성인/청소년)','월화수목',22,20,4),(103,200,61,'아쿠아로빅','13:40 ~ 14:30','수중운동, 건강체조','아쿠아로빅','성인남녀','화목금',50,50,130),(104,200,37,'어린이수영','18:00 ~ 18:50','상급','접영','초등학생','화수목금',35,35,7),(105,1,42,'주말수영','09:50 ~ 11:30','상급','접영','초등학생','토',22,20,6),(106,200,22,'오전수영','10:00 ~ 10:50','상급','접영','남녀(성인)','화수목금',50,50,29),(109,200,8,'오전수영','09:00 ~ 09:50','초급','자유형/배영','성인남녀','화수목금',30,30,94),(112,200,32,'어린이수영','16:00 ~ 16:50','상급','접영','초등학생','화수목금',35,35,1),(113,200,45,'저녁수영','19:50 ~ 20:40','상급','접영','성인남녀','화수목금',50,50,7),(117,150,34,'저녁수영','19:40 ~ 20:30','중급','평영','남녀(성인/청소년)','화수목금',25,25,17),(118,200,9,'오전수영','09:00 ~ 09:50','중급','평영','성인남녀','화수목금',40,0,6),(119,200,47,'주말수영','11:00 ~ 11:50','초급','자유형,배영','초등학생','토일',25,0,66),(120,200,48,'주말수영','11:00 ~ 11:50','중급, 상급','평영, 접영','초등학생','토일',30,0,6),(121,1,12,'오전수영','09:00 ~ 09:50','중급','평영','남녀(성인/청소년)','월화수목',22,0,11),(122,1,34,'저녁수영','19:40 ~ 20:30','중급','평영','남녀(성인/청소년)','월화수목',15,0,6),(123,150,51,'아쿠아로빅','15:10  ~ 16:00','아쿠아로빅','아쿠아로빅','성인남녀','화목금',50,50,130),(124,200,10,'오전수영','09:00 ~ 09:50','상급','접영','성인남녀','화수목금',50,0,28),(125,1,49,'아쿠아로빅','12:00 ~ 12:50','2반','아쿠아로빅','남녀(성인)','월수금',40,0,40),(126,1,43,'주말수영','15:00 ~ 16:40','초급','자유형, 배영','초등학생','토',22,0,11),(127,150,59,'에어로빅','08:00 ~ 08:50','\\N','에어로빅/박스스텝','남녀(성인/청소년)','화수목금',30,0,27),(128,150,63,'에어로빅','11:00 ~ 11:50','\\N','에어로빅/박스스텝','남녀(성인/청소년)','화수목금',30,0,28);
/*!40000 ALTER TABLE `강습안내` ENABLE KEYS */;
UNLOCK TABLES;

--
-- Table structure for table `대관`
--

DROP TABLE IF EXISTS `대관`;
/*!40101 SET @saved_cs_client     = @@character_set_client */;
/*!50503 SET character_set_client = utf8mb4 */;
CREATE TABLE `대관` (
  `code` int DEFAULT NULL,
  `facilities` varchar(50) NOT NULL,
  `Purpose_of_use` varchar(10) DEFAULT NULL,
  `holiday_fare` varchar(7) NOT NULL,
  `Weekday_fare` varchar(7) DEFAULT NULL,
  `use_time` varchar(50) DEFAULT NULL,
  `note` varchar(45) DEFAULT NULL,
  `not_cc` tinyint DEFAULT NULL,
  KEY `code_idx` (`code`),
  CONSTRAINT `code` FOREIGN KEY (`code`) REFERENCES `시설정보` (`code`)
) ENGINE=InnoDB DEFAULT CHARSET=utf8mb4 COLLATE=utf8mb4_0900_ai_ci;
/*!40101 SET character_set_client = @saved_cs_client */;

--
-- Dumping data for table `대관`
--

LOCK TABLES `대관` WRITE;
/*!40000 ALTER TABLE `대관` DISABLE KEYS */;
INSERT INTO `대관` VALUES (1,'춘천송암스포츠타운 종합경기장','육상(체육경기)','60,000','50,000','1회 4시간',NULL,0),(1,'춘천송암스포츠타운 종합경기장','축구장(체육경기)','500,000','300,000','1경기 2시간','홍천, 화천, 양구, 인제의 주민은 춘천 시민과 동일한 요금',1),(1,'춘천송암스포츠타운 종합경기장','축구장(체육경기)','300,000','200,000','1경기 2시간','천연잔디',0),(2,'춘천송암스포츠타운 보조경기장','육상(체육경기)','50,000','40,000','1회 4시간',NULL,0),(2,'춘천송암스포츠타운 보조경기장','축구장(체육경기)','40,000','30,000','1회 2시간','인조잔디',0),(2,'춘천송암스포츠타운 보조경기장','체육경기이외','100,000','75,000','1회 2시간','행사 등',0),(5,'춘천송암스포츠타운 승마장','체육경기','300,000','200,000','1회 8시간',NULL,0),(5,'춘천송암스포츠타운 승마장','체육경기이외','400,000','300,000','1회 8시간','체육경기 외',0),(5,'춘천송암스포츠타운 승마장','체육경기','400,000','300,000','1회 8시간',NULL,1),(5,'춘천송암스포츠타운 승마장','체육경기이외','500,000','400,000','1회 8시간',NULL,1),(4,'춘천송암스포츠타운 테니스장','체육경기','36,000','30,000','1면 2시간','실내',0),(4,'춘천송암스포츠타운 테니스장','체육경기이외','120,000','100,000','1면 2시간','실내,행사 등',0),(4,'춘천송암스포츠타운 테니스장','체육경기','12,000','10,000','1회 4시간','실외',0),(4,'춘천송암스포츠타운 테니스장','체육경기이외','100,000','80,000','1회 4시간','실외, 행사 등',0),(3,'춘천송암스포츠타운 야구장','체육경기','120,000','100,000','1회 4시간',NULL,0),(3,'춘천송암스포츠타운 야구장','체육경기이외','400,000','250,000','1회 4시간','행사 등',0),(6,'춘천송암스포츠타운 빙상장','체육경기','120,000','120,000','1회 1시간',NULL,0),(6,'춘천송암스포츠타운 빙상장','대회 및 체육행사','150,000','150,000','1회 1시간',NULL,0),(6,'춘천송암스포츠타운 빙상장','체육경기 이외','500,000','500,000','1회 1시간',NULL,0),(8,'춘천송암스포츠타운 풋살장','체육경기','15,000','10,000','1면 1시간',NULL,0),(10,'춘천송암스포츠타운 X-게임장','체육경기','80,000','50,000','1회 4시간',NULL,0),(9,'춘천송암스포츠타운 인공암벽장','체육경기','8,000','50,000','1회 4시간',NULL,0),(34,'국민생활관','체육관','75,000','50,000','1회 4시간',NULL,0),(34,'국민생활관','수영','100,000','75,000','1회 4시간',NULL,0),(16,'공지천인조잔디축구장','체육경기','30,000','22,000','1면 2시간',NULL,0),(16,'공지천인조잔디축구장','체육경기','45,000','33,000','1면 2시간',NULL,1),(16,'공지천인조잔디축구장','체육경기이외','60,000','44,000','1면 2시간',NULL,0),(16,'공지천인조잔디축구장','체육경기이외','90,000','66,000','1면 2시간',NULL,1),(16,'공지천인조잔디구장족구장','체육경기','20,000','15,000','1면 2시간',NULL,0),(16,'공지천인조잔디구장족구장','체육경기','30,000','22,500','1면 2시간',NULL,1),(19,'삼천동하키장','체육경기','24,000','18,000','1면 2시간',NULL,0),(35,'국민체육센터(수영장)','체육경기','150,000','120,000','1회 3시간',NULL,0),(35,'국민체육센터(수영장)','체육경기이외','200,000','150,000','1회 3시간','행사 등',0),(22,'호반체육관','체육경기','90,000','60,000','1회 4시간','주간',0),(22,'호반체육관','체육경기','110,000','95,000','1회 4시간','조기·야간',0),(22,'호반체육관','체육경기이외','220,000','150,000','1회 4시간','주간',0),(22,'호반체육관','체육경기이외','300,000','230,000','1회 4시간','조기·야간',0),(23,'호반테니스장','체육경기','15,000','12,000','1면 2시간',NULL,0),(23,'호반테니스장','체육경기이외','20,000','15,000','1면 2시간',NULL,0),(24,'춘천종합체육회관','체육경기','30,000','18,000','1회 4시간','주간',0),(24,'춘천종합체육회관','체육경기','36,000','30,000','1회 4시간','조기·야간',0),(24,'춘천종합체육회관','체육경기 이외','90,000','60,000','1회 4시간','주간',0),(24,'춘천종합체육회관','체육경기 이외','120,000','90,000','1회 4시간','조기·야간',0),(28,'봄내체육관','체육경기','110,000','70,000','1회 4시간','주간',0),(28,'봄내체육관','체육경기','130,000','110,000','1회 4시간','조기·야간',0),(28,'봄내체육관','체육경기 이외','350,000','250,000','1회 4시간','주간',0),(28,'봄내체육관','체육경기 이외','450,000','350,000','1회 4시간','조기·야간',0),(31,'춘천시장애인스포츠센터','체육경기','60,000','36,000','1회 4시간','주간',0),(31,'춘천시장애인스포츠센터','체육경기','72,000','60,000','1회 4시간','조기·야간',0),(31,'춘천시장애인스포츠센터','체육경기 이외','180,000','120,000','1회 4시간','주간',0),(31,'춘천시장애인스포츠센터','체육경기 이외','240,000','180,000','1회 4시간','조기·야간',0),(36,'춘천시어린이야구장','체육경기','25,000','20,000','1회 4시간',NULL,0),(32,'고구마섬 야구장','체육경기','100,000','80,000','1면 8시간',NULL,0),(30,'파크골프장','체육경기','100,000','100,000','1회 4시간',NULL,0),(30,'파크골프장','체육경기','200,000','200,000','1회 4시간',NULL,1),(20,'신북체육시설','체육경기','30,000','22,000','1회 2시간','족구장 및 풋살장은 무료',0);
/*!40000 ALTER TABLE `대관` ENABLE KEYS */;
UNLOCK TABLES;

--
-- Table structure for table `대관잡힌날짜`
--

DROP TABLE IF EXISTS `대관잡힌날짜`;
/*!40101 SET @saved_cs_client     = @@character_set_client */;
/*!50503 SET character_set_client = utf8mb4 */;
CREATE TABLE `대관잡힌날짜` (
  `code` int NOT NULL,
  `Facility` varchar(15) DEFAULT NULL,
  `Schedule` varchar(50) DEFAULT NULL,
  `start_date` date DEFAULT NULL,
  `end_date` date DEFAULT NULL,
  PRIMARY KEY (`code`)
) ENGINE=InnoDB DEFAULT CHARSET=utf8mb4 COLLATE=utf8mb4_0900_ai_ci;
/*!40101 SET character_set_client = @saved_cs_client */;

--
-- Dumping data for table `대관잡힌날짜`
--

LOCK TABLES `대관잡힌날짜` WRITE;
/*!40000 ALTER TABLE `대관잡힌날짜` DISABLE KEYS */;
INSERT INTO `대관잡힌날짜` VALUES (5,'호반체육관','김건모 콘서트','2018-01-04','2018-01-07'),(6,'호반체육관','배드민턴 경기','2018-01-13','2018-01-13'),(7,'호반체육관','배드민턴 경기','2018-01-14','2018-01-14'),(8,'호반체육관','농구경기','2018-01-18','2018-01-18'),(9,'호반체육관','세계청소년마인드스포츠 대회','2018-01-19','2018-01-21'),(10,'호반체육관','춘천노인일자리사업 통합모집','2018-01-26','2018-01-26'),(11,'호반체육관','농구경기 ','2018-01-17','2018-01-17'),(13,'호반체육관','올림픽 세계청소년 문화교류 이벤트','2018-02-23','2018-02-25'),(14,'호반체육관','노인일자리사업발대식','2018-02-28','2018-02-28'),(15,'호반체육관','실버건강박람회','2018-03-01','2018-03-04'),(18,'호반체육관','농구경기','2018-01-11','2018-01-11'),(20,'호반체육관','제7회 전국동시 지방선거','2018-05-24','2018-06-14'),(21,'호반체육관','제7회 전국동시 지방선거','2018-05-24','2018-06-14'),(23,'호반체육관','배드민턴 경기/ 농구경기','2018-02-10','2018-02-10'),(24,'호반체육관','농구경기','2018-02-08','2018-02-08'),(26,'호반체육관','농구경기','2018-02-03','2018-02-03'),(27,'호반체육관','농악보존회 자체 행사','2018-02-06','2018-02-06'),(29,'호반체육관','새봄유치원 체육행사','2018-05-01','2018-05-01'),(30,'호반체육관','강원도소방공무원 채용체력시험','2018-05-08','2018-05-11'),(31,'호반체육관','제7회 전국동시지방선거 대관','2018-05-24','2018-06-14'),(32,'호반체육관','춘천YMCA 체육행사','2018-04-15','2018-04-15'),(33,'호반체육관','농구경기','2018-05-12','2018-05-12'),(34,'호반체육관','춘천시청소년농구대회','2018-05-13','2018-05-13'),(35,'호반체육관','춘천스포츠클럽 발대식','2018-03-31','2018-03-31'),(36,'호반체육관','꿈나무블랙벨트센터 행사','2018-04-07','2018-04-07'),(38,'호반체육관','온누리교회 자체 행사','2018-05-20','2018-05-20'),(39,'호반체육관','제7회 전국동시 지방선거','2018-05-24','2018-06-14'),(40,'호반체육관','제7회 전국동시 지방선거 관련 대관( ~ 6.14일)','2018-05-24','2018-05-31'),(43,'호반체육관','제7회 전국동시 지방선거( ~ 6. 14일)','2018-06-01','2018-06-14'),(44,'호반체육관','소양강배 전국배드민턴대회','2018-06-23','2018-06-24'),(48,'호반체육관','내부시설 보수 공사(임시 휴관)','2018-03-14','2018-03-25'),(49,'호반체육관','농구경기','2018-03-28','2018-03-28'),(50,'호반체육관','한마음 체육행사','2018-04-14','2018-04-13'),(51,'호반체육관','농구경기','2018-04-19','2018-04-19'),(52,'호반체육관','춘천시 교육청 행사','2018-06-16','2018-06-16'),(53,'호반체육관','창대교회 자체 행사','2018-06-17','2018-06-16'),(55,'호반체육관','청소년연합회 체육대회','2018-05-19','2018-05-19'),(56,'호반체육관','노인일자리통합모집(추가)','2018-03-13','2018-03-13'),(57,'호반체육관','춘천시스포츠클럽대회','2018-06-29','2018-06-30'),(58,'호반체육관','춘천중앙교회 행사','2018-05-22','2018-05-22'),(66,'호반체육관','농구경기','2018-03-27','2018-03-27'),(67,'호반체육관','농구경기','2018-04-28','2018-04-28'),(69,'호반체육관','배드민턴 경기','2018-04-05','2018-04-05'),(70,'호반체육관','춘천시문화재단 자체 행사','2018-06-19','2018-06-21'),(71,'호반체육관','2018지구촌사랑나눔캠페인','2018-05-14','2018-05-14'),(72,'호반체육관','춘천시스포츠클럽대회','2018-07-01','2018-07-01'),(73,'호반체육관','강원권태권도심사','2018-07-06','2018-07-07'),(74,'호반체육관','춘천시천인음악회','2018-07-13','2018-07-14'),(75,'호반체육관','춘천양성평등대회','2018-07-18','2018-07-19'),(76,'호반체육관','IDO월드댄스컵대회','2018-08-21','2018-08-26'),(77,'호반체육관','춘천시민생활축전(합기도)','2018-08-31','2018-08-31'),(78,'호반체육관','춘천시농구리그전','2018-04-29','2018-04-29'),(79,'호반체육관','춘천시농구리그전','2018-07-15','2018-07-15'),(80,'호반체육관','춘천시농구리그전','2018-07-29','2018-07-29'),(81,'호반체육관','춘천시농구리그전','2018-08-12','2018-08-12'),(82,'호반체육관','춘천시농구리그전','2018-09-16','2018-09-16'),(83,'호반체육관','춘천시농구리그전','2018-09-30','2018-09-30'),(84,'호반체육관','춘천시민생활축전(합기도)','2018-09-01','2018-09-02'),(85,'호반체육관','춘천시민생활축전(보디빌딩 및 댄스스포츠)','2018-09-07','2018-09-09'),(87,'호반체육관','노인의날행사','2018-10-04','2018-10-05'),(88,'호반체육관','춘천시민생활축전(배구)','2018-10-13','2018-10-13'),(90,'호반체육관','2018강원진로박람회','2018-10-15','2018-10-19'),(91,'호반체육관','춘천시농구리그전','2018-10-28','2018-10-28'),(92,'호반체육관','춘천시농구리그전','2018-11-11','2018-11-11'),(96,'호반체육관','농구경기','2018-04-18','2018-04-18'),(98,'호반체육관','농구경기','2018-04-24','2018-04-24'),(99,'호반체육관','배드민턴 경기 / 춘천댄스페스티발 준비','2018-10-20','2018-10-20'),(100,'호반체육관','소방공무원 체력검증','2018-05-15','2018-05-16'),(101,'호반체육관','세계인의날 행사','2018-05-17','2018-05-18'),(104,'호반체육관','강원에코홈페어','2018-10-29','2018-11-02'),(105,'호반체육관','강원에코홈페어','2018-10-29','2018-11-02'),(106,'호반체육관','배드민턴 대관','2018-10-30','2018-10-31'),(114,'호반체육관','한미태권도장 행사','2018-07-21','2018-07-21'),(115,'호반체육관','농구경기','2018-05-23','2018-05-23'),(118,'호반체육관','강원도지체장애인대회','2018-07-03','2018-07-03'),(119,'호반체육관','어린이날 대축제 행사','2018-05-02','2018-05-05'),(120,'호반체육관','어린이날 대축제 행사 정리','2018-05-06','2018-05-06'),(121,'호반체육관','강원도노인회 행사','2018-09-19','2018-09-20'),(122,'호반체육관','농구경기','2018-06-28','2018-06-28'),(123,'호반체육관','춘천시지역아동센터','2018-10-06','2018-10-06'),(124,'호반체육관','춘천시 보훈단체 협의회 체육대회','2018-09-21','2018-09-21'),(125,'호반체육관','강원도평생교육원 행사','2018-09-18','2018-09-18'),(126,'호반체육관','우리유치원 행사','2018-09-29','2018-09-29'),(127,'호반체육관','농구경기','2018-07-17','2018-07-17'),(128,'호반체육관','LED등 교체공사','2018-07-04','2018-07-05'),(129,'호반체육관','소방공무원 채용시험','2018-11-15','2018-11-16'),(132,'호반체육관','강원도킥복싱협회장기 대회','2018-11-10','2018-11-10'),(133,'호반체육관','농구경기(19시~22시)','2018-08-16','2018-08-16'),(134,'호반체육관','농구경기(19시~22시)','2018-08-30','2018-08-30'),(135,'호반체육관','이통장연합한마음대회','2018-11-06','2018-11-07'),(136,'호반체육관','배드민턴 경기','2018-10-27','2018-10-27'),(137,'호반체육관','2018한중우호 춘천시상주시스포츠교류전','2018-11-08','2018-11-09'),(138,'호반체육관','농협 한마음 대회','2018-10-09','2018-10-09'),(139,'호반체육관','체육관 내부 난간 도색공사','2018-08-15','2018-08-15'),(140,'호반체육관','농구경기(강원대)','2018-10-23','2018-10-23'),(141,'호반체육관','춘천시장기태권도대회','2018-12-07','2018-12-09'),(142,'호반체육관','제7회 춘천댄스페스티발','2018-10-21','2018-10-21'),(143,'호반체육관','춘천중앙성결교회 행사','2018-11-04','2018-11-04'),(144,'호반체육관','배드민턴 경기','2018-11-17','2018-11-17'),(145,'호반체육관','배드민턴(18~20시)','2018-09-13','2018-09-13'),(146,'호반체육관','배드민턴(18~20시)','2018-11-22','2018-11-22'),(147,'호반체육관','농구경기','2018-09-04','2018-09-04'),(149,'호반체육관','성당연합 체육대회','2018-10-07','2018-10-07'),(150,'호반체육관','농구경기(18~21시)','2018-11-20','2018-11-20'),(151,'호반체육관','춘천교구80주년개막행사','2018-12-01','2018-12-01'),(152,'호반체육관','도 행사','2018-11-13','2018-11-13'),(153,'호반체육관','디아주오 체육대회','2018-09-14','2018-09-14'),(154,'호반체육관','한마음무도대회','2018-10-26','2018-10-26'),(155,'호반체육관','해동검도','2018-12-22','2018-12-22'),(156,'호반체육관','정도태권도','2018-11-02','2018-11-02'),(157,'호반체육관','농구경기(18~22시)','2018-09-27','2018-09-27'),(158,'호반체육관','농구경기(18~22시)','2018-09-28','2018-09-28'),(159,'호반체육관','배드민턴 경기','2018-12-16','2018-12-16'),(161,'호반체육관','농협 한마음 대회 준비','2018-10-08','2018-10-08'),(162,'호반체육관','춘천시 농구리그전','2018-12-02','2018-12-02'),(163,'호반체육관','춘천교구80주년 행사준비','2018-11-30','2018-11-30'),(164,'호반체육관','농구경기','2018-10-25','2018-10-25'),(165,'호반체육관','농구경기','2018-10-24','2018-10-24'),(166,'호반체육관','농구경기(09~13시)','2018-12-19','2018-12-19'),(167,'호반체육관','농구경기(19~22시)','2018-11-14','2018-11-14'),(168,'호반체육관','농구경기(19~22시)','2018-11-28','2018-11-28'),(170,'호반체육관','배드민턴 경기(06~10시)','2018-11-24','2018-11-24'),(171,'호반체육관','농구경기(14~21시)','2018-11-24','2018-11-23'),(172,'호반체육관','한마음 행사','2018-11-23','2018-11-23'),(174,'호반체육관','희망나눔캠페인(외부행사)','2018-12-05','2018-12-05'),(176,'호반체육관','춘천시농구리그전','2018-12-23','2018-12-23'),(177,'호반체육관','소방정밀점검 보완','2018-11-27','2018-11-27'),(178,'호반체육관','농구경기(19~21시)','2018-11-27','2018-11-27'),(179,'호반체육관','배드민턴 경기(09~17시)','2019-01-06','2019-01-06'),(180,'호반체육관','전인고 체육행사','2018-12-27','2018-12-26'),(181,'호반체육관','노인일자리사업통합모집(08~17시)','2019-01-25','2019-01-25'),(182,'호반체육관','스와트체대입시학원(15~19시)','2018-12-13','2018-12-13'),(183,'호반체육관','스와트체대입시학원(18~22시)','2018-12-18','2018-12-18'),(184,'호반체육관','스와트체대입시학원(18~22시)','2018-12-20','2018-12-20'),(185,'호반체육관','스와트입시체대학원(18~22시)','2018-12-28','2018-12-28'),(187,'호반체육관','강원대실기시험','2019-01-08','2019-01-09'),(188,'호반체육관','춘천시장기태권도대회','2019-05-31','2019-06-02'),(189,'호반체육관','춘천시장기태권도대회','2019-05-31','2019-06-02'),(191,'호반체육관','춘천시장기태권도대회','2019-05-31','2019-06-02'),(192,'호반체육관','배드민턴 경기(13~17시)','2019-01-26','2019-01-26'),(194,'호반체육관','농구경기(19~22시)','2019-01-16','2019-01-16'),(195,'호반체육관','농구경기(18~20시)','2019-01-29','2019-01-29'),(196,'호반체육관','농구경기(19~22시)','2019-01-30','2019-01-30'),(197,'호반체육관','배드민턴 경기(18~20시)','2019-01-31','2019-01-31'),(199,'호반체육관','노인일자리 통합모집','2019-02-19','2019-02-19'),(201,'호반체육관','장애인의 날 행사','2019-04-25','2019-04-26'),(203,'호반체육관','강원도소방공무원 채용시험','2019-05-06','2019-05-10'),(204,'호반체육관','소양강배배드민턴 대회','2019-05-25','2019-05-26'),(206,'호반체육관','춘천시장기태권도대회','2019-06-07','2019-06-09'),(207,'호반체육관','승품단심사 대회','2019-06-22','2019-06-23'),(208,'호반체육관','춘천코리아오픈국제태권도대회','2019-07-01','2019-07-11'),(212,'호반체육관','노인의 날 행사','2019-10-01','2019-10-02'),(213,'호반체육관','춘천학생스포츠클럽대회','2019-10-18','2019-10-20'),(214,'호반체육관','춘천시평생학습축제','2019-10-22','2019-10-27'),(215,'호반체육관','춘천강원베이비페어','2019-03-06','2019-03-10'),(219,'호반체육관','후평숲속유치원체육행사(09~14시)','2019-04-20','2019-04-20'),(220,'호반체육관','농구경기(13~17시)','2019-03-02','2019-03-02'),(221,'호반체육관','CCTV케이블 교체공사','2019-02-12','2019-02-15'),(222,'호반체육관',' 신성교회 체육행사','2019-04-28','2019-04-27'),(224,'호반체육관','제8회 춘천댄스페스티벌','2019-09-07','2019-09-08'),(225,'호반체육관','농구경기(19~22시)','2019-02-21','2019-02-21'),(226,'호반체육관','농구경기(19~22시)','2019-02-26','2019-02-26'),(227,'호반체육관','농구경기(14~17시)','2019-02-16','2019-02-16'),(232,'호반체육관','시민생활축전(합기도)','2019-07-26','2019-07-28'),(234,'호반체육관','시민생활축전(배구)','2019-10-12','2019-10-12'),(235,'호반체육관','배드민턴 경기','2019-05-11','2019-05-11'),(239,'호반체육관','새봄유치원 행사','2019-05-01','2019-05-01'),(240,'호반체육관','제4회 생활체육배드민턴가족대회','2019-03-23','2019-03-23'),(241,'호반체육관','시민생활축전(댄스스포츠)','2019-06-15','2019-06-15'),(243,'호반체육관','농구경기(09~17시)','2019-04-27','2019-04-27'),(246,'호반체육관','민주평통자문회의 행사','2019-05-30','2019-05-31'),(249,'호반체육관','애막골성당 행사','2019-05-12','2019-05-11'),(250,'호반체육관','농구경기(18~20시)','2019-03-05','2019-03-05'),(256,'호반체육관','배드민턴 대관(바이오진흥원)','2019-09-24','2019-09-24'),(258,'호반체육관','소방작동기능점검','2019-03-20','2019-03-20'),(261,'호반체육관','시민생활축전(생활체조)','2019-08-24','2019-08-24'),(262,'호반체육관','제5회 춘천소양강배 전국장사씨름대회','2019-08-27','2019-08-31'),(263,'호반체육관','제5회 춘천소양강배 전국장사씨름대회','2019-09-01','2019-09-05'),(265,'호반체육관','CCTV케이블교체 및 선로보수공사','2019-03-02','2019-03-15'),(266,'호반체육관','꿈나무블랙벨트(13~17시)','2019-04-13','2019-04-13'),(267,'호반체육관','농구경기(19~22시)','2019-03-15','2019-03-15'),(268,'호반체육관','농구경기(12~16시)','2019-03-30','2019-03-30'),(269,'호반체육관','농구경기(19~22시)','2019-03-19','2019-03-19'),(270,'호반체육관','안디옥교회 행사','2019-06-06','2019-06-06'),(271,'호반체육관','교대부설초운동회','2019-04-30','2019-04-30'),(272,'호반체육관','강원베이비페어','2019-07-17','2019-07-21'),(274,'호반체육관','춘천인음악회','2019-06-28','2019-06-29'),(276,'호반체육관','춘천시 청소년 농구대회','2019-05-18','2019-05-18'),(278,'호반체육관','농구경기(19~22시)','2019-04-10','2019-04-10'),(279,'호반체육관','세계인의날 행사','2019-05-16','2019-05-17'),(280,'호반체육관','시각장애인협회 행사(흰지팡이날)','2019-10-09','2019-10-10'),(281,'호반체육관','배드민턴 경기(19~21시)','2019-03-21','2019-03-21'),(282,'호반체육관','농구경기(협의중)','2019-03-22','2019-03-22'),(283,'호반체육관','배드민턴 경기(13~18시)','2019-04-19','2019-04-19'),(284,'호반체육관','춘천시 어린이 대축제','2019-05-02','2019-05-05'),(285,'호반체육관','배드민턴 경기(18~20시)','2019-04-04','2019-04-04'),(286,'호반체육관','강원도소방공무원체력검정','2019-05-14','2019-05-15'),(288,'호반체육관','농구경기(19~22시)','2019-04-09','2019-04-09'),(290,'호반체육관','춘천여고 체육행사','2019-05-24','2019-05-24'),(291,'호반체육관','대한당구연맹배 전국대회','2019-08-09','2019-08-19'),(292,'호반체육관','소방작동기능점검 조치','2019-11-05','2019-11-06'),(293,'호반체육관','춘천시청소년동아리체육대회','2019-06-02','2019-06-02'),(294,'호반체육관','농구경기(18~21시)','2019-04-24','2019-04-24'),(296,'호반체육관','춘천시 농구리그전','2019-05-19','2019-05-19'),(297,'호반체육관','춘천시 농구리그전','2019-06-16','2019-06-16'),(298,'호반체육관','춘천시농구리그전','2019-10-06','2019-10-06'),(299,'호반체육관','춘천시농구리그전','2019-10-13','2019-10-13'),(302,'호반체육관','춘천시농구리그전','2019-11-17','2019-11-17'),(303,'호반체육관','춘천시농구리그전','2019-12-01','2019-12-01'),(309,'호반체육관','춘천시 농구리그전','2019-11-24','2019-11-24'),(311,'호반체육관','춘천시 농구리그전','2019-11-03','2019-11-03'),(312,'호반체육관','춘천시 농구리그전','2019-11-10','2019-11-10'),(314,'호반체육관','춘천시 2019 KWBL 휠체어농구리그','2019-12-19','2019-12-22'),(315,'호반체육관','농구경기(14~18시)','2019-06-01','2019-06-01'),(316,'호반체육관','한궁대회','2019-06-04','2019-06-05'),(317,'호반체육관','농구경기(19~22시)','2019-05-23','2019-05-23'),(318,'호반체육관','농구경기(19~22시)','2019-05-21','2019-05-21'),(320,'호반체육관','배드민턴(18~20시)','2019-06-13','2019-06-13'),(321,'호반체육관','농구경기(18:30~21:30)','2019-05-18','2019-05-18'),(322,'호반체육관','농구경기(19~22시)','2019-05-28','2019-05-28'),(323,'호반체육관','강원도사회복지대회','2019-09-25','2019-09-26'),(324,'호반체육관','배드민턴 대관(바이오진흥원)','2019-09-27','2019-09-29'),(325,'호반체육관','농업인의날행사','2019-11-12','2019-11-12'),(327,'호반체육관','시민생활축전(댄스스포츠) 행사 준비(17시 ~)  ','2019-06-14','2019-06-14'),(329,'호반체육관','배드민턴(10~13시)','2019-06-19','2019-06-19'),(331,'호반체육관','농구경기(19~22시)','2019-06-18','2019-06-18'),(332,'호반체육관','강원도농구리그전','2019-08-25','2019-08-25'),(333,'호반체육관','제3회 춘천장애인인권영화제','2019-10-16','2019-10-17'),(334,'호반체육관','청소년음악회','2019-11-13','2019-11-16'),(337,'호반체육관','해동검도 행사','2019-12-28','2019-12-28'),(338,'호반체육관','강원베이비페어','2019-11-19','2019-11-23'),(339,'호반체육관','춘천국제태권도대회 준비','2019-06-30','2019-06-30'),(340,'호반체육관','전국종합탁구선수권대회','2019-12-02','2019-12-10'),(343,'호반체육관','배드민턴 경기(18~20시)','2019-09-06','2019-09-06'),(344,'호반체육관','농구경기(19~22)','2019-08-20','2019-08-20'),(346,'호반체육관','농구경기(17~21시)','2019-08-23','2019-08-23'),(347,'호반체육관','농구경기(17~21시)','2019-09-10','2019-09-10'),(348,'호반체육관','농구경기(13~17시)','2019-11-02','2019-11-02'),(350,'호반체육관','강원도민생활체육대회(개막식 및 태권도)','2019-09-17','2019-09-21'),(351,'호반체육관','배드민턴 경기','2019-11-09','2019-11-09'),(352,'호반체육관','농구경기(18~21시)','2019-10-04','2019-10-04'),(353,'호반체육관','내부시설 공사','2019-11-26','2019-11-27'),(354,'호반체육관','꿈나무블랙벨트(태권도) 행사','2019-10-03','2019-10-03'),(355,'호반체육관','장애인배구대회','2019-11-07','2019-11-08'),(357,'호반체육관','농구경기(19~22시)','2019-10-15','2019-10-15'),(358,'호반체육관','농구경기(19~22시)','2019-10-29','2019-10-29'),(359,'호반체육관','음향장비 교체 및 캐노피 방수 공사','2019-12-11','2019-12-14'),(360,'호반체육관','음향장비 교체 및 캐노피 방수 공사','2019-12-15','2019-12-18'),(361,'호반체육관','음향장비 교체 및 캐노피 방수 공사','2019-12-23','2019-12-27'),(362,'호반체육관','음향장비 교체 및 캐노피 방수 공사','2019-12-29','2019-12-31'),(366,'호반체육관','소방작동기능점검 조치','2019-11-28','2019-11-29'),(367,'호반체육관','제21대 국회의원 선거 등 개표 등','2020-03-26','2020-04-16'),(368,'호반체육관','강원대미술실기시험','2020-01-07','2020-01-08'),(369,'호반체육관','국회의원 선거 등 개표장소 등','2020-03-26','2020-04-16'),(372,'호반체육관','제21대 국회의원 선거 개표','2020-03-26','2020-03-31'),(373,'호반체육관','제21대 국회의원 선거 개표','2020-04-01','2020-04-16'),(374,'호반체육관','배드민턴경기(18~20시)','2020-01-30','2020-01-30'),(376,'호반체육관','농구경기(19~21시)','2020-01-17','2020-01-17'),(383,'호반체육관','흡음재 교체 및 석면 해체 공사','2020-05-25','2020-06-29'),(389,'호반체육관','농구경기(19~22시)','2020-01-16','2020-01-16'),(409,'호반체육관','춘천인음악회','2020-07-17','2020-07-18'),(411,'호반체육관','농구경기(19~21시)','2020-02-04','2020-02-04'),(417,'호반체육관','농구경기(19~22시)','2020-02-20','2020-02-20'),(420,'호반체육관','강원도농구클럽리그(09~18시)','2020-02-15','2020-02-15'),(445,'호반체육관','임시휴장(코로나바이러스 확진발생)','2020-02-22','2020-03-31'),(446,'호반체육관','임시휴관(코로나바이러스 확진)','2020-02-22','2020-03-31'),(447,'호반체육관','임시 휴관(코로나19 확진발생)','2020-02-22','2020-02-29'),(448,'호반체육관','임시 휴관(코로나19 확산예방)','2020-03-01','2020-03-25'),(457,'호반체육관','2020년 관람형 태권도대회(훈련 및 예선전) ','2020-10-18','2020-10-24'),(466,'호반체육관','임시 휴관(코로나19 확산 예방)','2020-04-17','2020-04-30'),(469,'호반체육관','2020 KWBL 휠체어농구리그 챔피언전','2020-12-10','2020-12-13'),(470,'호반체육관','2020 KWBL 휠체어농구리그 개막전','2020-08-20','2020-08-23'),(473,'호반체육관','전국유소년농구대축제','2020-07-31','2020-08-02'),(478,'호반체육관','강원도소방공무원 채용 체력시험','2020-07-19','2020-07-23'),(479,'호반체육관','소방작동기능점검에 따른 수선','2020-05-12','2020-05-14'),(487,'호반체육관','배드민턴 대관(05:30~08:00 / 19:00~21:30)','2020-07-01','2020-07-05'),(491,'호반체육관','임시휴관(코로나19 확산예방)','2020-05-01','2020-05-25'),(493,'호반체육관','상반기 자체시설점검','2020-06-14','2020-06-14'),(494,'호반체육관','강원도공공구매비즈니스페어','2020-06-23','2020-06-25'),(495,'호반체육관','농구경기(19~22시)','2020-06-04','2020-06-04'),(497,'호반체육관','농구경기(19~22시)','2020-06-11','2020-06-11'),(498,'호반체육관','배드민턴 대관(05:30~08:00)','2020-06-02','2020-06-07'),(499,'호반체육관','배드민턴 대관(05:30~08:00)','2020-06-09','2020-06-13'),(500,'호반체육관','배드민턴 대관(05:30~08:00)','2020-06-16','2020-06-21'),(501,'호반체육관','배드민턴 대관(19:00~21:30)','2020-06-02','2020-06-03'),(502,'호반체육관','배드민턴 대관(19:00~21:30)','2020-06-05','2020-06-07'),(503,'호반체육관','배드민턴 대관(19:00~21:30)','2020-06-09','2020-06-10'),(504,'호반체육관','배드민턴 대관(19:00~21:30)','2020-06-12','2020-06-13'),(505,'호반체육관','배드민턴 대관(19:00~21:30)','2020-06-16','2020-06-21'),(506,'호반체육관','농구경기(15~18시)','2020-06-06','2020-06-06'),(507,'호반체육관','농구경기(13~16시)','2020-06-13','2020-06-13'),(509,'호반체육관','농구경기(19:00~21:00)','2020-07-30','2020-07-30'),(513,'호반체육관','배드민턴 대관(05:30~08:00)','2020-06-27','2020-06-28'),(514,'호반체육관','배드민턴 대관(05:30~08:00) ','2020-06-30','2020-06-30'),(515,'호반체육관','배드민턴 대관(19:00~21:30)','2020-06-26','2020-06-26'),(516,'호반체육관','배드민턴 대관(19:00~21:30)','2020-06-27','2020-06-28'),(517,'호반체육관','배드민턴 대관(19:00~21:30)','2020-06-30','2020-06-30'),(518,'호반체육관','공공구매비즈니스페어 철거 정리(오전)','2020-06-26','2020-06-26'),(520,'호반체육관','배드민턴 대관(05:30~08:00 / 19:00~21:30)','2020-07-07','2020-07-12'),(521,'호반체육관','배드민턴 대관(05:30~08:00 / 19:00~21:30)','2020-07-14','2020-07-15'),(522,'호반체육관','배드민턴 대관(05:30~08:00)','2020-07-16','2020-07-16'),(523,'호반체육관','배드민턴 대관(05:30~08:00 / 19:00~21:30)','2020-07-24','2020-07-26'),(524,'호반체육관','배드민턴 대관(05:30~08:00 / 19:00~21:30)','2020-07-28','2020-07-29'),(525,'호반체육관','배드민턴 대관(05:30~08:00)','2020-07-30','2020-07-30'),(527,'호반체육관','2020년 관람형태권도대회(최강전)','2020-11-12','2020-11-15'),(529,'호반체육관','농구경기(19:00~21:00)','2020-07-16','2020-07-16'),(530,'호반체육관','농구경기(14:00~16:00)','2020-07-11','2020-07-11'),(531,'호반체육관','농구경기(09:00~11:00)','2020-07-12','2020-07-12'),(532,'호반체육관','농구경기(09:00~11:00)','2020-07-26','2020-07-26'),(533,'호반체육관','농구경기(09:00~13:00)','2020-07-11','2020-07-11'),(535,'호반체육관','2020년 관람형태권도대회(훈련전)','2020-10-16','2020-10-17'),(536,'호반체육관','농구경기(13:00~15:00)','2020-07-26','2020-07-26'),(538,'호반체육관','휠체어농구경기(14:00~17:00)','2020-07-28','2020-07-30'),(539,'호반체육관','배드민턴 대관(05:30~08:00 / 19:00~21:30) ','2020-08-04','2020-08-09'),(540,'호반체육관','배드민턴 대관(05:30~08:00 / 19:00~21:30)','2020-08-11','2020-08-16'),(541,'호반체육관','배드민턴 대관(05:30~08:00 / 19:00~21:30) ','2020-08-18','2020-08-19'),(542,'호반체육관','배드민턴 대관(05:30~08:00 / 19:00~21:30)','2020-08-01','2020-08-02'),(543,'호반체육관','배드민턴 대관(05:30~08:00 / 19:00~21:30)','2020-07-31','2020-07-31'),(548,'호반체육관','농구경기(14:00~17:00)','2020-08-01','2020-08-01'),(551,'호반체육관','농구경기(09:00~11:00)_(12:00~15:00)','2020-08-09','2020-08-09'),(555,'호반체육관','2020년 관람형 태권도대회(예선전 및 정리)','2020-10-25','2020-10-27'),(557,'호반체육관','순직경찰관 영결식 행사 ','2020-08-11','2020-08-12'),(560,'호반체육관','흡음판 교체공사','2020-11-17','2020-12-30'),(563,'호반체육관','코로나19 확산대응 임시휴관(~ 별도공지시까지)','2020-08-24','2020-08-31'),(564,'호반체육관','코로나19 확산대응 임시휴관(~ 별도공지시까지)','2020-09-01','2020-09-30'),(565,'호반체육관','코로나19 확산대응 임시휴관(~ 별도공지시까지)','2020-10-01','2020-10-03'),(566,'호반체육관','코로나19 확산대응 임시휴관(~ 별도공지시까지)','2020-10-04','2020-10-12'),(567,'호반체육관','2020 관람형태권도대회(훈련전)','2020-09-25','2020-09-27'),(568,'호반체육관','임시휴장 / 정문캐노피 빗물받이 설치, 기계실 도장 및 방수 공사, 경기장마루 샌딩 공사 ','2020-12-01','2020-12-09'),(569,'호반체육관','춘천희망택시협동조합출범식(주차장)','2020-10-28','2020-10-28'),(570,'호반체육관','소방종합정밀점검 수선(11.3. ~ 11.4. 체육관 사용가능)','2020-11-02','2020-11-04'),(571,'호반체육관','농구경기(19~21시)','2020-11-11','2020-11-11'),(572,'호반체육관','농구경기(09~12시)','2020-11-08','2020-11-08'),(573,'호반체육관','농구경기(19~22시)','2020-11-10','2020-11-10'),(576,'호반체육관','석면철거공사','2021-01-01','2021-02-28'),(577,'호반체육관','석면철거공사','2021-01-01','2021-02-28'),(578,'호반체육관','관람형태권도대회 행사 정리, 소방 정기점검, 소방 펌프 교체 공사 ','2020-11-16','2020-11-20'),(580,'호반체육관','임시 휴장 / 노후 소방 배관 및 펌프 교체공사 ','2020-11-21','2020-11-28'),(582,'호반체육관','임시 휴장 / 석면 철거 공사','2021-01-17','2021-01-31'),(583,'호반체육관','임시 휴장 / 석면 철거 공사 ','2021-02-01','2021-02-28'),(584,'호반체육관','임시 휴장 / 경기장 흡음재 교체공사 ','2020-12-14','2020-12-31'),(587,'호반체육관','임시 휴장 / 경기장 흡음재 교체공사 ','2021-01-02','2021-01-16'),(588,'호반체육관','임시 휴장','2021-01-01','2021-01-01'),(589,'호반체육관','임시 휴장','2020-11-29','2020-11-30'),(638,'호반체육관','임시 휴장 / 석면 철거 공사 ','2021-03-01','2021-03-01'),(639,'호반체육관','임시 휴장 / 석면 철거 공사 ','2021-03-02','2021-03-02'),(640,'호반체육관','임시 휴장 / 석면 철거 공사 ','2021-03-03','2021-03-31'),(644,'호반체육관','2021학년도 춘천권 강원진학박람회','2021-06-11','2021-06-12'),(654,'호반체육관','2021년 KWBL 장애인 휠체어 농구대회(개막전)','2021-09-30','2021-10-03'),(658,'호반체육관','농구경기(18:00~21:30)','2021-05-04','2021-05-03'),(659,'호반체육관','근로자의날/휴관','2021-05-01','2021-05-01'),(660,'호반체육관','농구경기(18:00~21:30)','2021-05-11','2021-05-11'),(661,'호반체육관','농구경기(18:00~21:30)','2021-05-26','2021-05-26'),(662,'호반체육관','농구경기(18:00~21:30)','2021-05-28','2021-05-28'),(663,'호반체육관','강원도소방공무원채용시험[13:30~06.04.(금)]','2021-05-30','2021-05-30'),(664,'호반체육관','강원도소방공무용채용시험','2021-05-31','2021-06-04'),(676,'호반체육관','2021년 KWBL 장애인 휠체어 농구대회(결정전)','2021-12-16','2021-12-19'),(677,'호반체육관','농구경기(13:30~17:00)','2021-06-05','2021-06-05'),(679,'호반체육관','농구경기 13:30~17:00','2021-06-15','2021-06-15'),(680,'호반체육관','농구경기 18:00~21:30','2021-06-16','2021-06-16'),(681,'호반체육관','농구경기 18:00~21:30','2021-06-23','2021-06-23'),(682,'호반체육관','경기장 강화마루 보강공사','2021-06-21','2021-06-22'),(683,'호반체육관','농구경기 09:30~12:30','2021-06-19','2021-06-19'),(685,'호반체육관','농구경기 18:00~21:30','2021-07-04','2021-07-04'),(686,'호반체육관','농구경기 18:00~21:30','2021-07-06','2021-07-06'),(687,'호반체육관','농구경기 18:00~21:30','2021-07-07','2021-07-07'),(689,'호반체육관','농구경기 18:00~21:30','2021-07-08','2021-07-08'),(690,'호반체육관','KYBL전국유소년농구대회','2021-12-03','2021-12-05'),(697,'호반체육관','태권도조직위원회 대관(종일)','2021-07-09','2021-07-09'),(700,'호반체육관','농구경기 09:00~18:00','2021-07-18','2021-07-18'),(703,'호반체육관','농구경기 09:00~18:00','2021-08-08','2021-08-08'),(704,'호반체육관','농구경기 09:00~18:00','2021-07-25','2021-07-25'),(707,'호반체육관','농구경기 09:30~12:30','2021-08-07','2021-08-07'),(709,'호반체육관','강원도풋살연맹(13:30~17:00)','2021-09-11','2021-09-11'),(710,'호반체육관','강원도풋살연맹(18:00~21:30)','2021-09-15','2021-09-15'),(711,'호반체육관','강원도풋살연맹(18:00~21:30)','2021-09-17','2021-09-17'),(712,'호반체육관','강원도풋살연맹(18:00~21:30)','2021-09-24','2021-09-24'),(713,'호반체육관','강원도풋살연맹(18:00~21:30)','2021-09-28','2021-09-28'),(714,'호반체육관','농구경기(13:30~17:00)','2021-09-25','2021-09-25'),(715,'호반체육관','농구경기(09:30~12:30)','2021-08-21','2021-08-21'),(716,'호반체육관','농구경기(09:30~12:30)','2021-09-11','2021-09-11'),(717,'호반체육관','농구경기(09:30~12:30)','2021-09-18','2021-09-18'),(718,'호반체육관','농구경기(09:30~12:30)','2021-09-25','2021-09-25'),(719,'호반체육관','2021년 노인 일자리 및 사회활동 지원 사업','2021-08-18','2021-08-20'),(720,'호반체육관','농구경기 09:00~18:00','2021-09-26','2021-09-26'),(723,'호반체육관','코로나19 확산 예방을 위한 임시휴관','2021-09-20','2021-09-22'),(724,'호반체육관','강원도풋살연맹(09:30~17:00)','2021-09-12','2021-09-12'),(726,'호반체육관','파워 최강전 시즌2 결선 및 2021 LTA 품새 최강전','2021-11-01','2021-11-10'),(728,'호반체육관','2021 강원건설건축박람회','2021-11-15','2021-11-19'),(734,'호반체육관','경기장 강화 마루 세정 및 UV코팅 시공 작업','2021-10-19','2021-10-19'),(735,'호반체육관','태권도조직위원회 대회기간','2021-11-30','2021-12-02'),(736,'호반체육관','태권도조직위원회 대회기간','2021-12-06','2021-12-09'),(737,'호반체육관','농구경기(13:30~21:30)','2021-10-30','2021-10-30'),(739,'호반체육관','태권도조직위원회 대회기간','2021-11-20','2021-11-23'),(740,'호반체육관','그린박람회 개최','2021-11-24','2021-11-29'),(743,'호반체육관','농구경기(13:30~17:00)','2021-11-13','2021-11-13'),(744,'호반체육관','제20대 대통령선거','2022-02-14','2022-03-10'),(745,'호반체육관','제8회 전국동시지방 선거','2022-05-13','2022-06-09'),(749,'호반체육관','2022 아시아 태권도 선수권 대회','2022-06-10','2022-06-28'),(750,'호반체육관','2022 춘천 코리아 오픈 국제 태권도 대회','2022-06-29','2022-07-10'),(751,'호반체육관','신정 연휴 휴관','2022-01-01','2022-01-02'),(754,'호반체육관','스포츠댄스 대회','2022-09-02','2022-09-03'),(755,'호반체육관','2022년 KWBL 휠체어 농구리그 대회','2022-09-15','2022-09-18'),(757,'호반체육관','농구경기 13:30~17:00','2022-03-19','2022-03-19'),(758,'호반체육관','춘천시민생활대축전(농구)','2022-08-19','2022-08-21'),(759,'호반체육관','춘천시민생활대축전(배구)','2022-10-08','2022-10-08'),(760,'호반체육관','소양강배배드민턴대회','2022-10-22','2022-10-23'),(762,'호반체육관','농구경기 17:30~22:00','2022-03-31','2022-03-31'),(763,'호반체육관','농구경기 13:30~18:00','2022-04-02','2022-04-02'),(764,'호반체육관','농구경기 17:30~22:00','2022-04-07','2022-04-07'),(765,'호반체육관','농구경기 13:30~18:00','2022-04-16','2022-04-16'),(767,'호반체육관','춘천시장기태권도대회','2022-10-14','2022-10-16'),(768,'호반체육관','2022년 KWBL휠체어농구리그(결정전)','2022-12-08','2022-12-11'),(769,'호반체육관','휴관(노후 시설 환경개선 공사)','2022-04-21','2022-05-12'),(770,'호반체육관','2022 강원건설건축박람회','2022-09-26','2022-10-02'),(771,'호반체육관','2022년 종목별(농구)리그전','2022-08-06','2022-08-07'),(772,'호반체육관','농구 리그전 09시~18시','2022-08-13','2022-08-13'),(773,'호반체육관','2022년 종목별(농구) 리그전','2022-09-24','2022-09-25'),(774,'호반체육관','2022년 종목별(농구) 리그전','2022-11-05','2022-11-06'),(781,'호반체육관','2022년 KWBL 휠체어 농구리그 대회','2022-09-13','2022-09-14'),(782,'호반체육관','강원도 소방공무원 체력검정(14시~','2022-10-19','2022-10-19'),(784,'호반체육관','2022년 종목별(농구)리그전','2022-11-19','2022-11-20'),(787,'호반체육관','제19회 강원발전 의원 한마음대제전','2022-10-24','2022-10-25'),(788,'호반체육관','2022년 어린이 축제 행사','2022-10-27','2022-11-01'),(790,'호반체육관','2022 강원농특산물&우수종소기업 박람회','2022-12-14','2022-12-21'),(792,'호반체육관','농구경기(19:00~21:00)','2022-11-22','2022-11-22'),(793,'호반체육관','소양강배 배드민턴 대회(20시~22시)','2022-10-21','2022-10-21'),(794,'호반체육관','농구경기(13:30~17:30)','2022-11-12','2022-11-12'),(795,'호반체육관','강원도 소방공무원 체력검정','2022-10-20','2022-10-21'),(797,'호반체육관','제2회 강원도주민자치 박람회','2022-12-05','2022-12-07'),(798,'호반체육관','농구경기(18:00~22:00)','2022-12-13','2022-12-13'),(801,'호반체육관','강원대학교 미술 실기고사','2023-01-11','2023-01-12'),(802,'호반체육관','농구경기(14시~18시)','2023-01-14','2023-01-14'),(804,'호반체육관','해동검도 대회','2023-04-22','2023-04-22'),(806,'호반체육관','코리아오픈 태권도대회','2023-08-01','2023-08-18'),(809,'호반체육관','후평 숲속유치원 체육행사(09시~13시)','2023-05-13','2023-05-13'),(810,'호반체육관','春1000人 음악회','2023-07-07','2023-07-08'),(816,'호반체육관','전국초등학생 검도대회','2023-05-19','2023-05-21'),(818,'호반체육관','다문화가족 한마음 체육대회','2023-09-15','2023-09-16'),(819,'호반체육관','우수농산물 박람회','2023-05-24','2023-05-31'),(820,'호반체육관','농구경기(18시~21시30분)','2023-02-08','2023-02-08'),(821,'호반체육관','농구경기(14시~18시)','2023-04-08','2023-04-08'),(822,'호반체육관','휴관(전광판교체공사)','2023-03-07','2023-03-25'),(824,'호반체육관','농구경기(18시~21시30분)','2023-02-07','2023-02-07'),(825,'호반체육관','춘천우두지구 이지더원2차 입주박람회','2023-03-03','2023-03-05'),(828,'호반체육관','2023 WKBL휠체어농구리그','2023-07-13','2023-07-16'),(829,'호반체육관','제2회 춘천시장배 전국 장애인 당구대회','2023-09-06','2023-09-10'),(831,'호반체육관','2023 소양강배 전국 배드민턴 대회','2023-06-23','2023-06-25'),(833,'호반체육관','강원도 소방본부 체력검정(신규)','2023-04-19','2023-04-21'),(835,'호반체육관','강원도 소방본부 체력검정(현직)','2023-05-09','2023-05-11'),(837,'호반체육관','2023 춘천베이비페어','2023-06-14','2023-06-18'),(839,'호반체육관','제22회 시장기 태권도대회','2023-10-20','2023-10-22'),(840,'호반체육관','춘천시 청소년 길거리 농구대회','2023-06-11','2023-06-11'),(841,'호반체육관','교대부설초등학교체육대회','2023-04-26','2023-04-26'),(842,'호반체육관','춘천시농구협회 리그전','2023-04-01','2023-04-02'),(844,'호반체육관','춘천시농구협회리그전','2023-07-01','2023-07-02'),(846,'호반체육관','춘천시농구협회리그전','2023-09-02','2023-09-03'),(847,'호반체육관','춘천시농구협회리그전','2023-10-28','2023-10-29'),(848,'호반체육관','춘천시농구협회리그전','2023-11-05','2023-11-05'),(852,'호반체육관','배구경기(14시~18시)','2023-02-26','2023-02-26'),(853,'호반체육관','농구경기(18시~21시30분)','2023-03-02','2023-03-02'),(854,'호반체육관','경기, 강원, 충청의과대학 농구대회','2023-07-22','2023-07-23'),(857,'호반체육관','세계인의 날 행사','2023-06-01','2023-06-02'),(859,'호반체육관','2023 전국휠체어 럭비 리그대회','2023-10-05','2023-10-08'),(860,'호반체육관','춘천시 생활체육대축전 - 농구','2023-08-25','2023-08-27'),(862,'호반체육관','농구경기 - 점프(14:00~18:00)','2023-04-15','2023-04-15'),(863,'호반체육관','농구경기 - 점프(14:00~18:00)','2023-04-29','2023-04-29'),(866,'호반체육관','농구경기 - 가디언스(18:00~21:40)','2023-03-28','2023-03-28'),(867,'호반체육관','농구경기 - 가디언스(18:00~21:40)','2023-04-14','2023-04-14'),(868,'호반체육관','농구경기 - 가디언스(18:00~21:40)','2023-05-12','2023-05-12'),(869,'호반체육관','춘천시 생활체육대축전 - 체조','2023-10-14','2023-10-14'),(870,'호반체육관','민주평통강원지역회의','2023-06-06','2023-06-07'),(875,'호반체육관','안디옥교회 체육행사','2023-05-14','2023-05-14'),(877,'호반체육관','제1회 강원도 공무직 체육대회','2023-10-25','2023-10-26'),(879,'호반체육관','만천유치원 체육행사','2023-05-18','2023-05-18'),(886,'호반체육관','춘천시 어르신 한궁대회','2023-06-20','2023-06-21'),(887,'호반체육관','제43회 장애인의 날 행사','2023-06-27','2023-06-28'),(888,'호반체육관','코딩대회','2023-07-30','2023-07-30'),(889,'호반체육관','어린이날 행사','2023-05-03','2023-05-05'),(890,'호반체육관','농구경기-점프(14:00~18:00)','2023-06-03','2023-06-03'),(891,'호반체육관','농구경기-점프(09:00~13:00)','2023-07-18','2023-07-18'),(893,'호반체육관','농구경기 - 점프(09:00~13:00) ','2023-07-19','2023-07-19'),(894,'호반체육관','농구경기 - 점프(09:00~13:00)','2023-07-20','2023-07-20'),(895,'호반체육관','강원도농촌지도자대회','2023-08-29','2023-08-30'),(896,'호반체육관','제12회 한국여성농업인 전국대회','2023-09-12','2023-09-13'),(897,'호반체육관','베이비페어 - PMK홀딩스','2023-11-29','2023-12-03'),(898,'호반체육관','농구경기-휴젤(18:00~21:40)','2023-05-17','2023-05-17'),(900,'호반체육관','긴급구조종합훈련-호반체육관 주차장','2023-06-22','2023-06-23'),(901,'호반체육관','호반체육관 발전기 교체공사','2023-05-22','2023-05-23'),(902,'호반체육관','농구경기 - BUT(13:00~17:00)','2023-06-10','2023-06-10'),(905,'호반체육관','강원도 여성농업인의 날 행사','2023-10-12','2023-10-13'),(906,'호반체육관','농구경기-점프(09:00~13:00)','2023-07-05','2023-07-05'),(907,'호반체육관','농구경기-점프(09:00~13:00)','2023-07-06','2023-07-06'),(908,'호반체육관','농구경기-점프(09:00~13:00)','2023-07-11','2023-07-11'),(909,'호반체육관','농구경기-점프(09:00~13:00)','2023-07-12','2023-07-12'),(910,'호반체육관','춘천교회체육행사','2023-10-03','2023-10-03'),(914,'호반체육관','농구경기 - 가디언스(18:00~21:40)','2023-06-13','2023-06-13'),(915,'호반체육관','농구경기 - 휴젤(18:00~21:40)','2023-06-29','2023-06-29'),(916,'호반체육관','춘천베이비페어','2023-11-15','2023-11-19'),(918,'호반체육관','춘천시생활체육대축전-댄스스포츠','2023-09-23','2023-09-24'),(920,'호반체육관','제13회 강원도지사기생활체육 국학기공대회','2023-11-02','2023-11-04'),(923,'호반체육관','강원지역승품단심사','2023-12-08','2023-12-09'),(925,'호반체육관','춘천시 태권도 시범단 공연연습(10시~12시)','2023-07-29','2023-07-29'),(926,'호반체육관','2023 강원농특산물&우수중소기업박람회','2023-12-13','2023-12-20'),(931,'호반체육관','강원특별자치도지체장애인대회','2023-10-31','2023-11-01'),(935,'호반체육관','농구경기-더존비즈온(18시~21시30분)','2023-09-19','2023-09-19'),(936,'호반체육관','사)미래를 준비하는 사람들 강원특별자치도지역본부 창립기념식','2023-11-25','2023-11-25'),(938,'호반체육관','단축운영(9시~18시)','2023-09-28','2023-09-28'),(939,'호반체육관','휴관','2023-09-29','2023-09-29'),(940,'호반체육관','휴관','2023-09-30','2023-09-30'),(941,'호반체육관','휴관','2023-10-01','2023-10-01'),(942,'호반체육관','강원 FS풋살리그','2023-12-29','2023-12-30'),(943,'호반체육관','바르게 살기운동 강원회원 한마음대회','2023-11-21','2023-11-23'),(944,'호반체육관','농구경기-가지언스(18시~22시)','2023-10-24','2023-10-24'),(947,'호반체육관','춘천시청 공무직 체육대회','2023-11-09','2023-11-10'),(948,'호반체육관','2024 강원특별자치도 장애인 태권도 국가대표 선발전','2023-11-10','2023-11-11'),(949,'호반체육관','춘천시농구협회리그전','2023-11-12','2023-11-12'),(950,'호반체육관','농구경기-가디언스(18시~21시50분)','2023-11-07','2023-11-07'),(951,'호반체육관','해동검도 현무관 승급심사 13시~17시 / 4시간','2023-12-10','2023-12-10'),(952,'호반체육관','농구경기 - 가디언스(18시~21시50분)','2023-11-28','2023-11-28'),(953,'호반체육관','농구경기-휴젤(18시~21시 50분)','2023-12-12','2023-12-12'),(954,'호반체육관','강원FS풋살리그전','2024-02-16','2024-02-17'),(955,'호반체육관','강원FS풋살리그전','2024-03-01','2024-03-02'),(956,'호반체육관','강원FS풋살리그전','2024-03-08','2024-03-09'),(957,'호반체육관','강원FS풋살리그전','2024-03-15','2024-03-16'),(958,'호반체육관','춘천시 시민생활 대축전 - 합기도 대회','2024-12-06','2024-12-08'),(959,'호반체육관','제22대 국회의원 선거','2024-03-22','2024-04-11'),(960,'호반체육관','강원도 소방공무원 현직체력검정','2024-05-07','2024-05-09'),(961,'호반체육관','제8회 전국 시도대항 및 전국초등학생 검도대회','2024-05-10','2024-05-12'),(962,'호반체육관','강원도 소방공무원 신규채용','2024-05-15','2024-05-17'),(963,'호반체육관','춘천 코리아오픈, 문화체육 관광부 태권도 대회','2024-07-02','2024-07-26'),(964,'호반체육관','농구경기-휴젤(18시~21시50분)','2023-12-21','2023-12-21'),(966,'호반체육관','2024 강원지역 지역인재 합동채용설명회','2024-03-19','2024-03-21'),(967,'호반체육관','농구경기-쇼트 (13시~17시)','2024-01-13','2024-01-13'),(968,'호반체육관','춘천베이비키즈페어','2024-04-17','2024-04-22'),(969,'호반체육관','우수상품대전&팔도밥상대전','2024-04-24','2024-05-01'),(970,'호반체육관','농특산물&우수중소기업 박람회','2024-11-13','2024-11-20'),(971,'호반체육관','농특산물&우수중소기업 박람회','2024-06-04','2024-06-11'),(972,'호반체육관','어린이날 행사','2024-05-02','2024-05-06'),(975,'호반체육관','담작은 도서관- 종이비행기 행사','2024-02-25','2024-02-25'),(976,'호반체육관','춘천 소양강배 전국 배드민턴대회','2024-06-21','2024-06-23'),(977,'호반체육관','강원대병원 어린이집 체육행사','2024-05-18','2024-05-18'),(978,'호반체육관','춘천시청소년 수련관 농구대회 09시~18시','2024-06-01','2024-06-01'),(979,'호반체육관','어린이 꽃잔치 행사','2024-09-07','2024-09-07'),(980,'호반체육관','후평 숲속 유치원 체육행사','2024-09-28','2024-09-28'),(982,'호반체육관','춘1,000인 음악회','2024-06-28','2024-06-29'),(983,'호반체육관','춘천시장애인종합복지관 모아데이','2024-11-09','2024-11-09'),(984,'호반체육관','강원특별자치도 장애인복지관 체육대회','2024-05-25','2024-05-25'),(985,'호반체육관','세계인의 날 행사','2024-05-29','2024-05-31'),(986,'호반체육관','제3회 춘천시장배 전국장애인 당구대회','2024-08-28','2024-09-01'),(987,'호반체육관','춘천시 육아 종합지원센터 체육대회','2024-10-12','2024-10-12'),(988,'호반체육관','2024 KWBL 한국휠체어 농구리그','2024-11-01','2024-11-03'),(989,'호반체육관','제44회 장애인의날 기념행사','2024-04-22','2024-04-23'),(990,'호반체육관','전국배드민턴 돼지모임(13시~17시)','2024-03-17','2024-03-17'),(991,'호반체육관','제14회 강원특별자치도지사기 좌식배구대회','2024-05-22','2024-05-24'),(992,'호반체육관','주짓수 대회','2024-05-19','2024-05-19'),(993,'호반체육관','무궁화 유치원 체육행사','2024-10-05','2024-10-05'),(995,'호반체육관','퇴계중학교 체육행사','2024-05-14','2024-05-14'),(996,'호반체육관','강원도지체장애인체육대회','2024-09-22','2024-09-25'),(997,'호반체육관','춘천시장기태권도 대회','2024-10-25','2024-10-27'),(998,'호반체육관','우석초등학교 체육대회','2024-05-28','2024-05-28'),(999,'호반체육관','아시아 휠체어 농구 슈퍼리그','2024-11-28','2024-12-03'),(1000,'호반체육관','춘천시농구협회 리그전(09시~18시)','2024-03-10','2024-03-10'),(1001,'호반체육관','춘천시농구협회 리그전(09시~18시)','2024-04-14','2024-04-14'),(1002,'호반체육관','춘천시 농구협회 리그전(09시~18시)','2024-05-26','2024-05-26'),(1003,'호반체육관','춘천시 협회장기 농구대회','2024-06-15','2024-06-16'),(1004,'호반체육관','춘천시 농구협회 리그전(09시~18시)','2024-07-28','2024-07-28'),(1005,'호반체육관','춘천시 농구협회 리그전(09시~18시)','2024-08-18','2024-08-18'),(1006,'호반체육관','춘천시 농구협회 리그전(09시~18시)','2024-09-29','2024-09-29'),(1007,'호반체육관','춘천시 농구협회 리그전','2024-10-19','2024-10-20'),(1008,'호반체육관','춘천시 농구협회 리그전','2024-11-23','2024-11-24');
/*!40000 ALTER TABLE `대관잡힌날짜` ENABLE KEYS */;
UNLOCK TABLES;

--
-- Table structure for table `사용자관리`
--

DROP TABLE IF EXISTS `사용자관리`;
/*!40101 SET @saved_cs_client     = @@character_set_client */;
/*!50503 SET character_set_client = utf8mb4 */;
CREATE TABLE `사용자관리` (
  `COUNT_USERS` int NOT NULL AUTO_INCREMENT,
  `ID` varchar(100) NOT NULL,
  `PASSWORD` varchar(100) NOT NULL,
  `NAME` varchar(10) NOT NULL,
  `PHONE` varchar(15) NOT NULL,
  `birthday` date DEFAULT NULL,
  `credit` int DEFAULT NULL,
  PRIMARY KEY (`COUNT_USERS`,`PHONE`,`ID`),
  UNIQUE KEY `ID_UNIQUE` (`ID`),
  UNIQUE KEY `PHONE_UNIQUE` (`PHONE`)
) ENGINE=InnoDB AUTO_INCREMENT=25 DEFAULT CHARSET=utf8mb4 COLLATE=utf8mb4_0900_ai_ci;
/*!40101 SET character_set_client = @saved_cs_client */;

--
-- Dumping data for table `사용자관리`
--

LOCK TABLES `사용자관리` WRITE;
/*!40000 ALTER TABLE `사용자관리` DISABLE KEYS */;
INSERT INTO `사용자관리` VALUES (1,'admin','0000','PolAi','010-0000-0000','2024-03-04',20000),(23,'pray','1234','pray','017-5564-8888','1355-03-07',70000222),(24,'testid','testpw','홍길동','010-1234-5678','1999-01-01',900000);
/*!40000 ALTER TABLE `사용자관리` ENABLE KEYS */;
UNLOCK TABLES;

--
-- Table structure for table `시설정보`
--

DROP TABLE IF EXISTS `시설정보`;
/*!40101 SET @saved_cs_client     = @@character_set_client */;
/*!50503 SET character_set_client = utf8mb4 */;
CREATE TABLE `시설정보` (
  `code` int NOT NULL AUTO_INCREMENT,
  `facilities` varchar(20) NOT NULL,
  `Address` varchar(20) DEFAULT NULL,
  `phone` varchar(15) DEFAULT NULL,
  `Play` varchar(45) DEFAULT NULL,
  `Play_2` varchar(45) DEFAULT NULL,
  `Play_3` varchar(45) DEFAULT NULL,
  `Play_4` varchar(45) DEFAULT NULL,
  `Play_5` varchar(45) DEFAULT NULL,
  `Play_6` varchar(45) DEFAULT NULL,
  `휴관요일` varchar(15) DEFAULT NULL,
  `위도` double DEFAULT NULL,
  `경도` double DEFAULT NULL,
  PRIMARY KEY (`code`),
  UNIQUE KEY `code` (`code`),
  KEY `code_2` (`code`),
  KEY `facilities` (`facilities`)
) ENGINE=InnoDB AUTO_INCREMENT=38 DEFAULT CHARSET=utf8mb4 COLLATE=utf8mb4_0900_ai_ci;
/*!40101 SET character_set_client = @saved_cs_client */;

--
-- Dumping data for table `시설정보`
--

LOCK TABLES `시설정보` WRITE;
/*!40000 ALTER TABLE `시설정보` DISABLE KEYS */;
INSERT INTO `시설정보` VALUES (1,'춘천송암스포츠타운 종합경기장','춘천시 스포츠타운길 136','033-264-0660','축구장','육상트랙',NULL,NULL,NULL,NULL,'매주 월요일',37.85545,127.6916),(2,'춘천송암스포츠타운 보조경기장','춘천시 스포츠타운길 136','033-264-0660','축구장','육상트랙',NULL,NULL,NULL,NULL,'상시운영',37.85545,127.6916),(3,'춘천송암스포츠타운 야구장','춘천시 스포츠타운길 124','033-263-1159','야구장',NULL,NULL,NULL,NULL,NULL,'상시운영',37.85442,127.6901),(4,'춘천송암스포츠타운 테니스장','춘천시 스포츠타운길 124-1','033-264-1660','테니스 코트',NULL,NULL,NULL,NULL,NULL,'상시운영',37.85362,127.6929),(5,'춘천송암스포츠타운 승마장','춘천시 송암동 산44번지','033-253-3721','승마장',NULL,NULL,NULL,NULL,NULL,'매주 월요일',37.854319,127.695156),(6,'춘천송암스포츠타운 빙상장','춘천시 스포츠타운길 113','033-263-7302','아이스링크',NULL,NULL,NULL,NULL,NULL,'상시운영',37.853817,127.687332),(7,'춘천송암스포츠타운 족구장','춘천시 송암길 47-1','033-263-7302','족구장',NULL,NULL,NULL,NULL,NULL,'상시운영',37.85204,127.6865),(8,'춘천송암스포츠타운 풋살장','춘천시 스포츠타운길 111','033-263-7302','풋살장',NULL,NULL,NULL,NULL,NULL,'상시운영',37.85394,127.6857),(9,'춘천송암스포츠타운 인공암벽장','춘천시 송암길 47','033-263-7302','인공암벽',NULL,NULL,NULL,NULL,NULL,'상시운영',37.852827,127.686056),(10,'춘천송암스포츠타운 X-게임장','춘천시 스포츠타운길 133','033-264-0660','인라인트랙',NULL,NULL,NULL,NULL,NULL,'상시운영',37.85647,127.6875),(11,'춘천 공공 사격장','춘천시 송암동 산35','033-240-7104','사격장',NULL,NULL,NULL,NULL,NULL,'수요일 제외 전체휴무',37.85604,127.6982),(12,'춘천송암스포츠타운 국궁장','춘천시 스포츠타운길 124-2','033-253-2563','국궁장',NULL,NULL,NULL,NULL,NULL,'상시운영',37.855759,127.6937),(13,'춘천송암스포츠타운 수상경기장본부동','춘천시 스포츠타운길 113-1','033-245-5618','요트',NULL,NULL,NULL,NULL,NULL,'상시운영',37.85531,127.686),(14,'춘천송암스포츠타운 카누훈련장','춘천시 송암동 745','033-263-7302','카누',NULL,NULL,NULL,NULL,NULL,'상시운영',37.85282,127.685),(15,'수상레저시설','춘천시 삼천동 335-1','033-261-7959','수상스키','웨이크보드',NULL,NULL,NULL,NULL,'상시운영',37.86297,127.6909),(16,'공지천인조잔디 구장','춘천시 이디오피아길 14','033-250-3942','축구장','풋살장','족구장',NULL,NULL,NULL,'상시운영',37.87471,127.7115),(17,'하수처리장체육시설(꿈자랑구장)','춘천시 영서로  2473','033-250-7942','축구장','풋살장',NULL,NULL,NULL,NULL,'상시운영',37.88023,127.7109),(18,'의암생활체육공원','춘천시 수변공원길 18','033-252-1666','인라인트랙','농구코트','풋살장',NULL,NULL,NULL,'상시운영',37.87368,127.7084),(19,'삼천동하키장','춘천시 옛경춘로718-1','033-250-3942','축구장',NULL,NULL,NULL,NULL,NULL,'상시운영',37.86044,127.7093),(20,'신북체육시설','춘천시 신북읍 율문리 935-67','033-240-1765','축구장','풋살장','족구장',NULL,NULL,NULL,'상시운영',37.92393,127.7452),(21,'론볼경기장','춘천시 동면 장학리 466-14','033-240-1765','론볼경기장',NULL,NULL,NULL,NULL,NULL,'상시운영',37.91475,127.7485),(22,'호반체육관','춘천시 우석로 102','033-263-7304','농구코트','배드민턴코트',NULL,NULL,NULL,NULL,'매주 월요일',37.86501,127.7556),(23,'호반테니스장','춘천시 우석로102-2','033-264-0279','테니스코트',NULL,NULL,NULL,NULL,NULL,'상시운영',37.86501,127.7556),(24,'종합체육회관','춘천시 우석로 102-2','033-262-6942','헬스장','레슬링장','태권도장',NULL,NULL,NULL,'상시운영',37.86501,127.7556),(25,'거두리인조잔디구장','춘천시 동내면 거두단지2길 40','033-263-7304','축구장',NULL,NULL,NULL,NULL,NULL,'상시운영',37.86509,127.7824),(26,'만천게이트볼장','춘천시 동면 세실로 250','033-254-0079','게이트 볼장',NULL,NULL,NULL,NULL,NULL,'상시운영',37.87981,127.7576),(27,'석사동 무릉공원','춘천시 후석로 11-7','033-264-7304','풋살장',NULL,NULL,NULL,NULL,NULL,'상시운영',37.85672,127.7386),(28,'봄내체육관','춘천시 평화로 25','033-257-7800','배드민턴코트','탁구장','헬스장(매주 월요일 휴무)','인공암벽(매주 일요일 휴무)',NULL,NULL,'매월 마지막주 월요일',37.88163,127.7188),(29,'서면파크골프장','춘천시 서면 현암리 889번지','033-240-1760','골프필드',NULL,NULL,NULL,NULL,NULL,'매주 월요일',37.89006,127.6895),(30,'소양파크골프장','춘천시 동면 장학리459-11','033-240-7150','골프필드',NULL,NULL,NULL,NULL,NULL,'매주 월요일',37.91601,127.7466),(31,'장애인스포츠센터','춘천시 평화로 26','033-255-2774','체육관','수중운동','헬스장',NULL,NULL,NULL,'매주 월요일',37.88541,127.7212),(32,'고구마섬야구장','춘천시 영서로3005','033-263-1159','야구장',NULL,NULL,NULL,NULL,NULL,'상시운영',37.91142,127.719),(33,'조정경기시설','춘천시 영서로 3001','033-263-1159','조정',NULL,NULL,NULL,NULL,NULL,'상시운영',37.90917,127.7186),(34,'국민생활관','춘천시 효자상길 5번길 11','033-252-1666','수영장','탁구장','에어로빅','헬스장','배드민턴코트','농구코트','매주 월요일',37.87274,127.7286),(35,'국민체육센터','춘천시 우석로 102-3','033-240-1776','수영장','헬스장',NULL,NULL,NULL,NULL,'매주 월요일',37.86498,127.7556),(36,'춘천시어린이야구장','스포츠타운길 383-12',NULL,'야구장',NULL,NULL,NULL,NULL,NULL,'상시운영',37.87329,127.7014),(37,'근로자종합복지관','춘천시 후석로 440번길 9','033-240-1600','수영장','헬스장','아쿠아로빅',NULL,NULL,NULL,'매주 일요일',37.88942,127.744);
/*!40000 ALTER TABLE `시설정보` ENABLE KEYS */;
UNLOCK TABLES;

--
-- Table structure for table `예약가능한시간(세부)`
--

DROP TABLE IF EXISTS `예약가능한시간(세부)`;
/*!40101 SET @saved_cs_client     = @@character_set_client */;
/*!50503 SET character_set_client = utf8mb4 */;
CREATE TABLE `예약가능한시간(세부)` (
  `code` int DEFAULT NULL,
  `time` varchar(17) DEFAULT NULL,
  `facilities` varchar(50) DEFAULT NULL,
  KEY `code_idx` (`code`),
  CONSTRAINT `code_1` FOREIGN KEY (`code`) REFERENCES `시설정보` (`code`)
) ENGINE=InnoDB DEFAULT CHARSET=utf8mb4 COLLATE=utf8mb4_0900_ai_ci;
/*!40101 SET character_set_client = @saved_cs_client */;

--
-- Dumping data for table `예약가능한시간(세부)`
--

LOCK TABLES `예약가능한시간(세부)` WRITE;
/*!40000 ALTER TABLE `예약가능한시간(세부)` DISABLE KEYS */;
INSERT INTO `예약가능한시간(세부)` VALUES (2,'06:00 ~ 08:00','춘천송암스포츠타운 보조경기장'),(2,'08:00 ~ 10:00','춘천송암스포츠타운 보조경기장'),(2,'10:00 ~ 12:00','춘천송암스포츠타운 보조경기장'),(2,'12:00 ~ 14:00','춘천송암스포츠타운 보조경기장'),(2,'14:00 ~ 16:00','춘천송암스포츠타운 보조경기장'),(2,'16:00 ~ 18:00','춘천송암스포츠타운 보조경기장'),(2,'18:00 ~ 20:00','춘천송암스포츠타운 보조경기장'),(2,'20:00 ~ 22:00','춘천송암스포츠타운 보조경기장'),(20,'06:00 ~ 08:00','신북체육시설'),(20,'08:00 ~ 10:00','신북체육시설'),(20,'10:00 ~ 12:00','신북체육시설'),(20,'12:00 ~ 14:00','신북체육시설'),(20,'14:00 ~ 16:00','신북체육시설'),(20,'16:00 ~ 18:00','신북체육시설'),(25,'06:00 ~ 08:00','거두리인조잔디구장'),(25,'08:00 ~ 10:00','거두리인조잔디구장'),(25,'10:00 ~ 12:00','거두리인조잔디구장'),(25,'12:00 ~ 14:00','거두리인조잔디구장'),(25,'14:00 ~ 16:00','거두리인조잔디구장'),(25,'16:00 ~ 18:00','거두리인조잔디구장'),(25,'18:00 ~ 20:00','거두리인조잔디구장'),(25,'20:00 ~ 22:00','거두리인조잔디구장'),(5,'08:30 ~ 09:00','춘천송암스포츠타운 승마장'),(5,'09:00 ~ 09:30','춘천송암스포츠타운 승마장'),(5,'09:30 ~ 10:00','춘천송암스포츠타운 승마장'),(5,'10:00 ~ 10:30','춘천송암스포츠타운 승마장'),(5,'10:30 ~ 11:00','춘천송암스포츠타운 승마장'),(5,'11:00 ~ 11:30','춘천송암스포츠타운 승마장'),(5,'13:30 ~ 14:00','춘천송암스포츠타운 승마장'),(5,'14:00 ~ 14:30','춘천송암스포츠타운 승마장'),(5,'14:30 ~ 15:00','춘천송암스포츠타운 승마장'),(5,'15:00 ~ 15:30','춘천송암스포츠타운 승마장'),(5,'15:30 ~ 16:00','춘천송암스포츠타운 승마장'),(5,'16:00 ~ 16:30','춘천송암스포츠타운 승마장'),(5,'16:30 ~ 17:00','춘천송암스포츠타운 승마장'),(5,'17:00 ~ 17:30','춘천송암스포츠타운 승마장'),(4,'06:00 ~ 07:00','춘천송암스포츠타운 테니스장'),(4,'07:00 ~ 08:00','춘천송암스포츠타운 테니스장'),(4,'08:00 ~ 09:00','춘천송암스포츠타운 테니스장'),(4,'09:00 ~ 10:00','춘천송암스포츠타운 테니스장'),(4,'10:00 ~ 11:00','춘천송암스포츠타운 테니스장'),(4,'11:00 ~ 12:00','춘천송암스포츠타운 테니스장'),(4,'12:00 ~ 13:00','춘천송암스포츠타운 테니스장'),(4,'13:00 ~ 14:00','춘천송암스포츠타운 테니스장'),(4,'14:00 ~ 15:00','춘천송암스포츠타운 테니스장'),(4,'15:00 ~ 16:00','춘천송암스포츠타운 테니스장'),(4,'16:00 ~ 17:00','춘천송암스포츠타운 테니스장'),(4,'17:00 ~ 18:00','춘천송암스포츠타운 테니스장'),(4,'18:00 ~ 19:00','춘천송암스포츠타운 테니스장'),(4,'19:00 ~ 20:00','춘천송암스포츠타운 테니스장'),(4,'20:00 ~ 21:00','춘천송암스포츠타운 테니스장'),(4,'21:00 ~ 22:00','춘천송암스포츠타운 테니스장');
/*!40000 ALTER TABLE `예약가능한시간(세부)` ENABLE KEYS */;
UNLOCK TABLES;

--
-- Table structure for table `입장권정보`
--

DROP TABLE IF EXISTS `입장권정보`;
/*!40101 SET @saved_cs_client     = @@character_set_client */;
/*!50503 SET character_set_client = utf8mb4 */;
CREATE TABLE `입장권정보` (
  `count` int NOT NULL AUTO_INCREMENT,
  `id` varchar(50) NOT NULL,
  `name` varchar(15) NOT NULL,
  `payment_date` timestamp NULL DEFAULT CURRENT_TIMESTAMP,
  `QR_code` varchar(100) NOT NULL,
  PRIMARY KEY (`count`,`id`),
  UNIQUE KEY `QR_code_UNIQUE` (`QR_code`),
  KEY `id_key_idx` (`id`),
  CONSTRAINT `id_key` FOREIGN KEY (`id`) REFERENCES `사용자관리` (`ID`)
) ENGINE=InnoDB AUTO_INCREMENT=6 DEFAULT CHARSET=utf8mb4 COLLATE=utf8mb4_0900_ai_ci;
/*!40101 SET character_set_client = @saved_cs_client */;

--
-- Dumping data for table `입장권정보`
--

LOCK TABLES `입장권정보` WRITE;
/*!40000 ALTER TABLE `입장권정보` DISABLE KEYS */;
/*!40000 ALTER TABLE `입장권정보` ENABLE KEYS */;
UNLOCK TABLES;

--
-- Table structure for table `주말예약`
--

DROP TABLE IF EXISTS `주말예약`;
/*!40101 SET @saved_cs_client     = @@character_set_client */;
/*!50503 SET character_set_client = utf8mb4 */;
CREATE TABLE `주말예약` (
  `facilities` varchar(50) DEFAULT NULL,
  `time` varchar(50) DEFAULT NULL,
  `fare` int DEFAULT NULL,
  `additional` varchar(50) DEFAULT NULL,
  `Team` tinyint DEFAULT NULL
) ENGINE=InnoDB DEFAULT CHARSET=utf8mb4 COLLATE=utf8mb4_0900_ai_ci;
/*!40101 SET character_set_client = @saved_cs_client */;

--
-- Dumping data for table `주말예약`
--

LOCK TABLES `주말예약` WRITE;
/*!40000 ALTER TABLE `주말예약` DISABLE KEYS */;
INSERT INTO `주말예약` VALUES ('춘천송암스포츠타운 보조경기장','06:00 ~ 08:00',40000,'시간당 20,000원',1),('춘천송암스포츠타운 보조경기장','08:00 ~ 10:00',40000,'시간당 20,000원',1),('춘천송암스포츠타운 보조경기장','10:00 ~ 12:00',40000,'시간당 20,000원',1),('춘천송암스포츠타운 보조경기장','12:00 ~ 14:00',40000,'시간당 20,000원',1),('춘천송암스포츠타운 보조경기장','14:00 ~ 16:00',40000,'시간당 20,000원',1),('춘천송암스포츠타운 보조경기장','16:00 ~ 18:00',40000,'시간당 20,000원',1),('춘천송암스포츠타운 보조경기장','18:00 ~ 20:00',40000,'시간당 20,000원',1),('춘천송암스포츠타운 보조경기장','20:00 ~ 22:00',71000,'시간당 20,000원, 야간조명 사용료 31,000원',1),('춘천송암스포츠타운 야구장','09:00 ~ 13:00',120000,'시간당 30,000원, 라인마킹 : 별도문의',1),('춘천송암스포츠타운 야구장','14:00 ~ 18:00',120000,'시간당 30,000원, 라인마킹 : 별도문의',1),('춘천송암스포츠타운 야구장','08:00 ~ 22:00',120000,'시간당 30,000원, 라인마킹 및 야간조명사용 : 별도문의',1),('춘천송암스포츠타운 테니스장','06:00 ~ 07:00',18000,'시간당 18,000원, 야간조명 별도문의',0),('춘천송암스포츠타운 테니스장','07:00 ~ 08:00',18000,'시간당 18,000원, 야간조명 별도문의',0),('춘천송암스포츠타운 테니스장','08:00 ~ 09:00',18000,'시간당 18,000원, 야간조명 별도문의',0),('춘천송암스포츠타운 테니스장','09:00 ~ 10:00',18000,'시간당 18,000원, 야간조명 별도문의',0),('춘천송암스포츠타운 테니스장','10:00 ~ 11:00',18000,'시간당 18,000원, 야간조명 별도문의',0),('춘천송암스포츠타운 테니스장','11:00 ~ 12:00',18000,'시간당 18,000원, 야간조명 별도문의',0),('춘천송암스포츠타운 테니스장','12:00 ~ 13:00',18000,'시간당 18,000원, 야간조명 별도문의',0),('춘천송암스포츠타운 테니스장','13:00 ~ 14:00',18000,'시간당 18,000원, 야간조명 별도문의',0),('춘천송암스포츠타운 테니스장','14:00 ~ 15:00',18000,'시간당 18,000원, 야간조명 별도문의',0),('춘천송암스포츠타운 테니스장','15:00 ~ 16:00',18000,'시간당 18,000원, 야간조명 별도문의',0),('춘천송암스포츠타운 테니스장','16:00 ~ 17:00',18000,'시간당 18,000원, 야간조명 별도문의',0),('춘천송암스포츠타운 테니스장','17:00 ~ 18:00',18000,'시간당 18,000원, 야간조명 별도문의',0),('춘천송암스포츠타운 테니스장','18:00 ~ 19:00',18000,'시간당 18,000원, 야간조명 별도문의',0),('춘천송암스포츠타운 테니스장','19:00 ~ 20:00',18000,'시간당 18,000원, 야간조명 별도문의',0),('춘천송암스포츠타운 테니스장','20:00 ~ 21:00',18000,'시간당 18,000원, 야간조명 별도문의',0),('춘천송암스포츠타운 테니스장','21:00 ~ 22:00',18000,'시간당 18,000원, 야간조명 별도문의',0),('춘천송암스포츠타운 풋살장','07:00 ~ 08:00',15000,'시간당 15,000원',1),('춘천송암스포츠타운 풋살장','08:00 ~ 09:00',15000,'시간당 15,000원',1),('춘천송암스포츠타운 풋살장','09:00 ~ 10:00',15000,'시간당 15,000원',1),('춘천송암스포츠타운 풋살장','10:00 ~ 11:00',15000,'시간당 15,000원',1),('춘천송암스포츠타운 풋살장','11:00 ~ 12:00',15000,'시간당 15,000원',1),('춘천송암스포츠타운 풋살장','12:00 ~ 13:00',15000,'시간당 15,000원',1),('춘천송암스포츠타운 풋살장','13:00 ~ 14:00',15000,'시간당 15,000원',1),('춘천송암스포츠타운 풋살장','14:00 ~ 15:00',15000,'시간당 15,000원',1),('춘천송암스포츠타운 풋살장','15:00 ~ 16:00',15000,'시간당 15,000원',1),('춘천송암스포츠타운 풋살장','16:00 ~ 17:00',15000,'시간당 15,000원',1),('춘천송암스포츠타운 풋살장','17:00 ~ 18:00',15000,'시간당 15,000원',1),('춘천송암스포츠타운 풋살장','18:00 ~ 19:00',15000,'시간당 15,000원',1),('춘천송암스포츠타운 풋살장','19:00 ~ 20:00',15000,'시간당 15,000원',1),('신북체육시설','06:00 ~ 08:00',30000,'시간당 15,000원',1),('신북체육시설','08:00 ~ 10:00',30000,'시간당 15,000원',1),('신북체육시설','10:00 ~ 12:00',30000,'시간당 15,000원',1),('신북체육시설','12:00 ~ 14:00',30000,'시간당 15,000원',1),('신북체육시설','14:00 ~ 16:00',30000,'시간당 15,000원',1),('신북체육시설','16:00 ~ 18:00',30000,'시간당 15,000원',1),('신북체육시설','19:00 ~ 21:00',30000,'시간당 15,000원',1),('거두리인조잔디구장','06:00 ~ 08:00',30000,'시간당 15,000',1),('거두리인조잔디구장','08:00 ~ 10:00',30000,'시간당 15,000',1),('거두리인조잔디구장','10:00 ~ 12:00',30000,'시간당 15,000',1),('거두리인조잔디구장','12:00 ~ 14:00',30000,'시간당 15,000',1),('거두리인조잔디구장','14:00 ~ 16:00',30000,'시간당 15,000',1),('거두리인조잔디구장','16:00 ~ 18:00',30000,'시간당 15,000',1),('거두리인조잔디구장','18:00 ~ 20:00',30000,'시간당 15,000',1),('거두리인조잔디구장','20:00 ~ 22:00',64000,'시간당 15,000, 야간조명 사용료 34,000',1),('춘천송암스포츠타운 승마장','09:00 ~ 18:00',40000,'승마 교육 성인 1회 30분',1),('춘천송암스포츠타운 승마장','09:00 ~ 18:00',30000,'승마 교육 어린이,청소년,군인 1회 30분',1),('춘천송암스포츠타운 승마장','09:00 ~ 18:00',20000,'승마 체험 성인 1회 30분',1),('춘천송암스포츠타운 승마장','09:00 ~ 18:00',15000,'승마 체험 어린이,청소년,군인 1회 30분',1),('춘천송암스포츠타운 빙상장','13:00 ~ 18:00',7000,'성인 1회 2시간 대여로 2,500원포함',0),('춘천송암스포츠타운 빙상장','13:00 ~ 18:00',6000,'청소년 1회 2시간 대여로 2,500원포함',0),('춘천송암스포츠타운 족구장','07:00 ~ 21:00',10000,'주말 시간당 10,000원',1),('춘천송암스포츠타운 인공암벽장','07:00 ~ 21:00',2000,'성인 1회2시간',0),('춘천송암스포츠타운 인공암벽장','07:00 ~ 21:00',1500,'청소년ㆍ군인 1회2시간',0),('춘천송암스포츠타운 인공암벽장','07:00 ~ 21:00',1000,'어린이 1회2시간',0),('춘천송암스포츠타운 인공암벽장','07:00 ~ 21:00',1500,'성인 단체20인 이상 1회2시간',0),('춘천송암스포츠타운 인공암벽장','07:00 ~ 21:00',1200,'청소년ㆍ군인 단체20인 이상 1회2시간',0),('춘천송암스포츠타운 인공암벽장','07:00 ~ 21:00',800,'어린이 단체20인이상 1회2시간',0),('춘천 공공 사격장','10:00 ~ 17:00',5000,'총기대여 및 실탄 25발 기준, 사전예약필수',1),('호반체육관','06:00 ~ 22:00',2000,'성인 1회 2시간',0),('호반체육관','06:00 ~ 22:00',1500,'청소년ㆍ군인 1회 2시간',0),('호반체육관','06:00 ~ 22:00',1000,'어린이 1회 2시간',0),('호반테니스장','06:00 ~ 22:00',2300,'주간 1면 2시간',0),('호반테니스장','06:00 ~ 22:00',3400,'조기ㆍ야간 1면 2시간',0),('봄내체육관','05:00 ~ 22:00',2000,'성인 배드민턴ㆍ탁구 1회 2시간',0),('봄내체육관','05:00 ~ 22:00',1500,'청소년ㆍ군인 배드민턴ㆍ탁구 1회 2시간',0),('봄내체육관','05:00 ~ 22:00',1000,'어린이 배드민턴ㆍ탁구 1회 2시간',0),('봄내체육관','05:00 ~ 22:00',2500,'성인 헬스장 1회 2시간',0),('봄내체육관','05:00 ~ 22:00',1800,'청소년ㆍ군인 헬스장 1회 2시간',0),('봄내체육관','05:00 ~ 22:00',1200,'어린이 헬스장 1회 2시간',0),('봄내체육관','05:00 ~ 22:00',2000,'성인 인공암벽 1회 2시간',0),('봄내체육관','05:00 ~ 22:00',1500,'청소년ㆍ군인 인공암벽 1회 2시간',0),('봄내체육관','05:00 ~ 22:00',1000,'어린이 인공암벽 1회 2시간',0),('서면파크골프장','09:00 ~ 18:00',4000,'춘천시민',1),('서면파크골프장','09:00 ~ 18:00',8000,'타지역시민',1),('소양파크골프장','09:00 ~ 18:00',4000,'성인 춘천시민 1회 4시간',1),('소양파크골프장','09:00 ~ 18:00',8000,'성인 타지역시민 1회 4시간',1),('소양파크골프장','09:00 ~ 18:00',3000,'청소년ㆍ군인 춘천시민 1회 4시간',1),('소양파크골프장','09:00 ~ 18:00',6000,'청소년ㆍ군인 타지역시민 1회 4시간',1),('소양파크골프장','09:00 ~ 18:00',2000,'어린이 춘천시민 1회 4시간',1),('소양파크골프장','09:00 ~ 18:00',4000,'어린이 타지역시민 1회 4시간',1),('장애인스포츠센터','09:00 ~ 18:00',1600,'체육관 성인 1회 2시간',0),('장애인스포츠센터','09:00 ~ 18:00',1200,'체육관 청소년ㆍ군인 1회 2시간',0),('장애인스포츠센터','09:00 ~ 18:00',800,'체육관 어린이 1회 2시간',0),('장애인스포츠센터','09:00 ~ 18:00',2500,'수중운동실 성인 1회 2시간',0),('장애인스포츠센터','09:00 ~ 18:00',2000,'수중운동실 청소년ㆍ군인 1회 2시간',0),('장애인스포츠센터','09:00 ~ 18:00',1300,'수중운동실 어린이 1회 2시간',0),('장애인스포츠센터','09:00 ~ 18:00',2000,'헬스장 성인 1회 2시간',0),('장애인스포츠센터','09:00 ~ 18:00',1500,'헬스장 청소년ㆍ군인 1회 2시간',0),('장애인스포츠센터','09:00 ~ 18:00',1000,'헬스장 어린이 1회 2시간',0),('국민생활관','09:00 ~ 18:00',3000,'일ㆍ공휴일수영 성인 1회 2시간',0),('국민생활관','09:00 ~ 18:00',1500,'일ㆍ공휴일수영 성인경로ㆍ장애ㆍ유공자ㆍ기초생활ㆍ다자녀 1회 2시간',0),('국민생활관','09:00 ~ 18:00',2500,'일ㆍ공휴일수영 청소년ㆍ군인 1회 2시간',0),('국민생활관','09:00 ~ 18:00',1500,'일ㆍ공휴일수영 청소년경로ㆍ장애ㆍ유공자ㆍ기초생활ㆍ다자녀 1회 2시간',0),('국민생활관','09:00 ~ 18:00',1600,'일ㆍ공휴일수영 어린이(초등생) 1회 2시간',0),('국민생활관','09:00 ~ 18:00',1200,'일ㆍ공휴일헬스 성인 1회 2시간',0),('국민생활관','09:00 ~ 18:00',1200,'일ㆍ공휴일헬스 성인경로ㆍ장애ㆍ유공자ㆍ기초생활ㆍ다자녀 1회 2시간',0),('국민생활관','09:00 ~ 18:00',1800,'일ㆍ공휴일헬스 청소년ㆍ군인 1회 2시간',0),('국민생활관','09:00 ~ 18:00',NULL,'일ㆍ공휴일헬스 청소년장애ㆍ유공자ㆍ기초생활ㆍ다자녀 1회 2시간',0),('국민생활관','09:00 ~ 18:00',1200,'일ㆍ공휴일헬스 어린이(초등생) 1회 2시간',0),('국민생활관','05:00 ~ 09:00',2500,'오전화 ~ 토체육관(배드민턴) 성인 1회 2시간',0),('국민생활관','05:00 ~ 09:00',1500,'오전화 ~ 토체육관(배드민턴) 청소년ㆍ군경 1회 2시간',0),('국민생활관','05:00 ~ 09:00',1000,'오전화 ~ 토체육관(배드민턴) 어린이(초등생) 1회 2시간',0),('국민생활관','17:00 ~ 21:00',2500,'오후화 ~ 토체육관(배드민턴) 성인 1회 2시간',0),('국민생활관','17:00 ~ 21:00',1500,'오후화 ~ 토체육관(배드민턴) 청소년ㆍ군경 1회 2시간',0),('국민생활관','17:00 ~ 21:00',1000,'오후화 ~ 토체육관(배드민턴) 어린이(초등생) 1회 2시간',0),('국민생활관','09:00 ~ 10:00',2500,'오전일ㆍ공휴일체육관(배드민턴) 성인 1회 2시간',0),('국민생활관','09:00 ~ 10:00',1500,'오전일ㆍ공휴일체육관(배드민턴) 청소년ㆍ군경 1회 2시간',0),('국민생활관','09:00 ~ 10:00',1000,'오전일ㆍ공휴일체육관(배드민턴) 어린이(초등생) 1회 2시간',0),('국민생활관','16:00 ~ 18:00',2500,'오후일ㆍ공휴일체육관(배드민턴) 성인 1회 2시간',0),('국민생활관','16:00 ~ 18:00',1500,'오후일ㆍ공휴일체육관(배드민턴) 청소년ㆍ군경 1회 2시간',0),('국민생활관','16:00 ~ 18:00',1000,'오후일ㆍ공휴일체육관(배드민턴) 어린이(초등생) 1회 2시간',0),('국민생활관','10:00 ~ 16:00',2500,'일ㆍ공휴일체육관(농구) 성인 1회 2시간',0),('국민생활관','10:00 ~ 16:00',1500,'일ㆍ공휴일체육관(농구) 청소년ㆍ군경 1회 2시간',0),('국민생활관','10:00 ~ 16:00',1000,'일ㆍ공휴일체육관(농구) 어린이(초등생) 1회 2시간',0),('국민체육센터','09:00 ~ 18:00',3000,'일ㆍ공휴일수영 성인 1회 2시간',0),('국민체육센터','09:00 ~ 18:00',1500,'일ㆍ공휴일수영 성인경로/장애/유공자/다자녀 1회 2시간',0),('국민체육센터','09:00 ~ 18:00',2500,'일ㆍ공휴일수영 청소년 1회 2시간',0),('국민체육센터','09:00 ~ 18:00',1200,'일ㆍ공휴일수영 청소년 수급자 1회 2시간',0),('국민체육센터','09:00 ~ 18:00',1800,'일ㆍ공휴일수영 어린이(초등생) 1회 2시간',0),('국민체육센터','09:00 ~ 18:00',1200,'일ㆍ공휴일수영 어린이(초등생)여성할인 1회 2시간',0),('국민체육센터','09:00 ~ 18:00',900,'일ㆍ공휴일수영 어린이(초등생)수급자 주중 1회 2시간',0),('국민체육센터','09:00 ~ 18:00',2500,'일ㆍ공휴일헬스 성인 1회 2시간',0),('국민체육센터','09:00 ~ 18:00',1200,'일ㆍ공휴일헬스 성인유공자ㆍ경로ㆍ장애ㆍ다자녀 1회 2시간',0),('국민체육센터','09:00 ~ 18:00',1800,'일ㆍ공휴일헬스 청소년ㆍ군인 1회 2시간',0),('국민체육센터','09:00 ~ 18:00',900,'일ㆍ공휴일헬스 청소년 장애인/수급자/다자녀 1회 2시간',0),('국민체육센터','09:00 ~ 18:00',1200,'일ㆍ공휴일헬스 어린이(초등) 1회 2시간',0),('국민체육센터','09:00 ~ 18:00',600,'일ㆍ공휴일헬스 어린이 장애인ㆍ수급자ㆍ다자녀 1회 2시간',0);
/*!40000 ALTER TABLE `주말예약` ENABLE KEYS */;
UNLOCK TABLES;

--
-- Table structure for table `체육활동`
--

DROP TABLE IF EXISTS `체육활동`;
/*!40101 SET @saved_cs_client     = @@character_set_client */;
/*!50503 SET character_set_client = utf8mb4 */;
CREATE TABLE `체육활동` (
  `code` int DEFAULT NULL,
  `facilities` varchar(50) DEFAULT NULL,
  `Play` varchar(50) DEFAULT NULL,
  `Play_2` varchar(45) DEFAULT NULL,
  `Play_3` varchar(45) DEFAULT NULL,
  `Play_4` varchar(45) DEFAULT NULL,
  KEY `code` (`code`),
  KEY `facilities` (`facilities`),
  CONSTRAINT `체육활동_ibfk_1` FOREIGN KEY (`code`) REFERENCES `시설정보` (`code`) ON DELETE SET NULL ON UPDATE CASCADE,
  CONSTRAINT `체육활동_ibfk_2` FOREIGN KEY (`facilities`) REFERENCES `시설정보` (`facilities`) ON DELETE SET NULL ON UPDATE CASCADE
) ENGINE=InnoDB DEFAULT CHARSET=utf8mb4 COLLATE=utf8mb4_0900_ai_ci;
/*!40101 SET character_set_client = @saved_cs_client */;

--
-- Dumping data for table `체육활동`
--

LOCK TABLES `체육활동` WRITE;
/*!40000 ALTER TABLE `체육활동` DISABLE KEYS */;
INSERT INTO `체육활동` VALUES (1,'춘천송암스포츠타운 종합경기장','축구구장,육상트랙',NULL,NULL,NULL),(2,'춘천송암스포츠타운 보조경기장','축구구장, 육상트랙',NULL,NULL,NULL),(3,'춘천송암스포츠타운 야구장','야구장',NULL,NULL,NULL),(4,'춘천송암스포츠타운 테니스장','테니스코트',NULL,NULL,NULL),(5,'춘천송암스포츠타운 승마장','승마',NULL,NULL,NULL),(6,'춘천송암스포츠타운 빙상장','아이스링크',NULL,NULL,NULL),(7,'춘천송암스포츠타운 족구장','족구장',NULL,NULL,NULL),(8,'춘천송암스포츠타운 풋살장','풋살장',NULL,NULL,NULL),(9,'춘천송암스포츠타운 인공암벽장','암벽등반',NULL,NULL,NULL),(10,'춘천송암스포츠타운 X-게임장','인라인트랙',NULL,NULL,NULL),(11,'춘천 공공 사격장','사격',NULL,NULL,NULL),(12,'춘천송암스포츠타운 국궁장','국궁',NULL,NULL,NULL),(13,'춘천송암스포츠타운 수상경기장본부동','요트',NULL,NULL,NULL),(14,'춘천송암스포츠타운 카누훈련장','카누',NULL,NULL,NULL),(15,'수상레저시설','수상스키,웨이크보드',NULL,NULL,NULL),(16,'공지천인조잔디 구장','축구,풋살,족구',NULL,NULL,NULL),(17,'하수처리장체육시설(꿈자랑구장)','축구장,풋살장',NULL,NULL,NULL),(18,'의암생활체육공원','인라인구장,농구장,풋살장',NULL,NULL,NULL),(19,'삼천동하키장','축구장',NULL,NULL,NULL),(20,'신북체육시설','축구장,풋살장,족구장',NULL,NULL,NULL),(21,'론볼경기장','론볼 경기장',NULL,NULL,NULL),(22,'호반체육관','농구장, 배드민턴장',NULL,NULL,NULL),(23,'호반테니스장','테니스코트',NULL,NULL,NULL),(24,'종합체육회관','헬스장,레슬링장,태권도장',NULL,NULL,NULL),(25,'거두리인조잔디구장','축구장',NULL,NULL,NULL),(26,'만천게이트볼장','게이트볼장',NULL,NULL,NULL),(27,'석사동 무릉공원','풋살장',NULL,NULL,NULL),(28,'봄내체육관','배드민턴장, 탁구장, 헬스장,인공암벽장',NULL,NULL,NULL),(29,'서면파크골프장','골프필드',NULL,NULL,NULL),(30,'소양파크골프장','골프필드',NULL,NULL,NULL),(31,'장애인스포츠센터','체육관, 수중운동실,헬스장',NULL,NULL,NULL),(32,'고구마섬야구장','야구장',NULL,NULL,NULL),(33,'조정경기시설','조정구장',NULL,NULL,NULL);
/*!40000 ALTER TABLE `체육활동` ENABLE KEYS */;
UNLOCK TABLES;

--
-- Table structure for table `평일예약`
--

DROP TABLE IF EXISTS `평일예약`;
/*!40101 SET @saved_cs_client     = @@character_set_client */;
/*!50503 SET character_set_client = utf8mb4 */;
CREATE TABLE `평일예약` (
  `facilities` varchar(50) NOT NULL,
  `open` varchar(10) NOT NULL,
  `close` varchar(10) NOT NULL,
  `fare` int NOT NULL,
  `per_time` int NOT NULL,
  `additional` varchar(60) DEFAULT NULL,
  `Team` tinyint NOT NULL
) ENGINE=InnoDB DEFAULT CHARSET=utf8mb4 COLLATE=utf8mb4_0900_ai_ci;
/*!40101 SET character_set_client = @saved_cs_client */;

--
-- Dumping data for table `평일예약`
--

LOCK TABLES `평일예약` WRITE;
/*!40000 ALTER TABLE `평일예약` DISABLE KEYS */;
INSERT INTO `평일예약` VALUES ('춘천송암스포츠타운 보조경기장','6:00','22:00',30000,120,'시간당 15,000원',1),('춘천송암스포츠타운 야구장','9:00','22:00',100000,240,'시간당 25,000원',1),('춘천송암스포츠타운 테니스장','6:00','22:00',15000,60,'시간당 15,000원, 야간조명사용료 별도문의',1),('춘천송암스포츠타운 풋살장','7:00','20:00',10000,60,'시간당 10,000원',1),('신북체육시설','6:00','20:00',22000,120,'시간당 11,000원',1),('거두리인조잔디구장','6:00','22:00',22000,120,'시간당 11,000원, 야간조명사용료 34,000',1),('춘천송암스포츠타운 승마장 : 교육','9:00','18:00',40000,30,'승마 교육 성인 1회 30분',1),('춘천송암스포츠타운 승마장 : 체험','9:00','18:00',20000,30,'승마 체험 성인 1회 30분',1),('소양파크골프장','9:00','18:00',6000,60,'청소년ㆍ군인 타지역시민 1회 4시간',1),('춘천송암스포츠타운 족구장','7:00','21:00',7500,60,'시간당 7,500원',1),('춘천송암스포츠타운 빙상장','13:00','18:00',7000,120,'성인 1회 2시간 대여로 2,500원포함',0),('춘천송암스포츠타운 빙상장','13:00','18:00',6000,120,'청소년 1회 2시간 대여로 2,500원포함',0),('춘천송암스포츠타운 인공암벽장','7:00','21:00',2000,120,'성인 1회2시간',0),('춘천송암스포츠타운 인공암벽장','7:00','21:00',1500,120,'청소년ㆍ군인 1회2시간',0),('춘천송암스포츠타운 인공암벽장','7:00','21:00',1000,120,'어린이 1회2시간',0),('춘천송암스포츠타운 인공암벽장','7:00','21:00',1500,120,'성인 단체20인 이상 1회2시간',0),('춘천송암스포츠타운 인공암벽장','7:00','21:00',1200,120,'청소년ㆍ군인 단체20인 이상 1회2시간',0),('춘천송암스포츠타운 인공암벽장','7:00','21:00',800,120,'어린이 단체20인이상 1회2시간',0),('춘천 공공 사격장','10:00','17:00',5000,120,'총기대여 및 실탄 25발 기준, 사전예약필수',0),('호반체육관','6:00','22:00',2000,120,'성인 1회 2시간',0),('호반체육관','6:00','22:00',1500,120,'청소년ㆍ군인 1회 2시간',0),('호반체육관','6:00','22:00',1000,120,'어린이 1회 2시간',0),('호반테니스장','6:00','22:00',2300,120,'주간 1면 2시간',0),('호반테니스장','6:00','22:00',3400,120,'조기ㆍ야간 1면 2시간',0),('봄내체육관','5:00','22:00',2000,120,'성인 배드민턴ㆍ탁구 1회 2시간',0),('봄내체육관','5:00','22:00',1500,120,'청소년ㆍ군인 배드민턴ㆍ탁구 1회 2시간',0),('봄내체육관','5:00','22:00',1000,120,'어린이 배드민턴ㆍ탁구 1회 2시간',0),('봄내체육관','5:00','22:00',2500,120,'성인 헬스장 1회 2시간',0),('봄내체육관','5:00','22:00',1800,120,'청소년ㆍ군인 헬스장 1회 2시간',0),('봄내체육관','5:00','22:00',1200,120,'어린이 헬스장 1회 2시간',0),('봄내체육관','5:00','22:00',2000,120,'성인 인공암벽 1회 2시간',0),('봄내체육관','5:00','22:00',1500,120,'청소년ㆍ군인 인공암벽 1회 2시간',0),('봄내체육관','5:00','22:00',1000,120,'어린이 인공암벽 1회 2시간',0),('장애인스포츠센터','9:00','18:00',1600,120,'체육관 성인 1회 2시간',0),('장애인스포츠센터','9:00','18:00',1200,120,'체육관 청소년ㆍ군인 1회 2시간',0),('장애인스포츠센터','9:00','18:00',800,120,'체육관 어린이 1회 2시간',0),('장애인스포츠센터','9:00','18:00',2500,120,'수중운동실 성인 1회 2시간',0),('장애인스포츠센터','9:00','18:00',2000,120,'수중운동실 청소년ㆍ군인 1회 2시간',0),('장애인스포츠센터','9:00','18:00',1300,120,'수중운동실 어린이 1회 2시간',0),('장애인스포츠센터','9:00','18:00',2000,120,'헬스장 성인 1회 2시간',0),('장애인스포츠센터','9:00','18:00',1500,120,'헬스장 청소년ㆍ군인 1회 2시간',0),('장애인스포츠센터','9:00','18:00',1000,120,'헬스장 어린이 1회 2시간',0),('국민생활관','5:00','9:00',2500,120,'오전화 ~ 토체육관(배드민턴) 성인 1회 2시간',0),('국민생활관','5:00','9:00',1500,120,'오전화 ~ 토체육관(배드민턴) 청소년ㆍ군경 1회 2시간',0),('국민생활관','5:00','9:00',1000,120,'오전화 ~ 토체육관(배드민턴) 어린이(초등생) 1회 2시간',0),('국민생활관','17:00','21:00',2500,120,'오후화 ~ 토체육관(배드민턴) 성인 1회 2시간',0),('국민생활관','17:00','21:00',1500,120,'오후화 ~ 토체육관(배드민턴) 청소년ㆍ군경 1회 2시간',0),('국민생활관','17:00','21:00',1000,120,'오후화 ~ 토체육관(배드민턴) 어린이(초등생) 1회 2시간',0),('국민생활관','5:00','21:00',3000,120,'화 ~ 토수영 성인 1회 2시간',0),('국민생활관','5:00','21:00',1500,120,'화 ~ 토수영 성인경로ㆍ장애ㆍ유공자ㆍ기초생활ㆍ다자녀 1회 2시간',0),('국민생활관','5:00','21:00',2500,120,'화 ~ 토수영 청소년ㆍ군인 1회 2시간',0),('국민생활관','5:00','21:00',1500,120,'화 ~ 토수영 청소년장애ㆍ유공자ㆍ기초생활ㆍ다자녀 1회 2시간',0),('국민생활관','5:00','21:00',1600,120,'화 ~ 토수영 어린이(초등생) 1회 2시간',0),('국민생활관','5:00','21:00',2500,120,'화 ~ 토헬스 성인 1회 2시간',0),('국민생활관','5:00','21:00',1200,120,'화 ~ 토헬스 성인경로ㆍ장애ㆍ유공자ㆍ기초생활ㆍ다자녀 1회 2시간',0),('국민생활관','5:00','21:00',1800,120,'화 ~ 토헬스 청소년ㆍ군인 1회 2시간',0),('국민생활관','5:00','21:00',1200,120,'화 ~ 토헬스 어린이(초등생) 1회 2시간',0),('국민생활관','9:00','17:00',2500,120,'화 ~ 토체육관(농구) 성인 1회 2시간',0),('국민생활관','9:00','17:00',1500,120,'화 ~ 토체육관(농구) 청소년ㆍ군경 1회 2시간',0),('국민생활관','9:00','17:00',1000,120,'화 ~ 토체육관(농구) 어린이(초등생) 1회 2시간',0),('국민체육센터','5:00','21:00',3000,120,'화 ~ 토수영 성인 1회 2시간',0),('국민체육센터','5:00','21:00',1500,120,'화 ~ 토수영 성인경로/장애/유공자/다자녀 1회 2시간',0),('국민체육센터','5:00','21:00',2500,120,'화 ~ 토수영 청소년 1회 2시간',0),('국민체육센터','5:00','21:00',1200,120,'화 ~ 토수영 청소년 수급자 1회 2시간',0),('국민체육센터','5:00','21:00',1800,120,'화 ~ 토수영 어린이(초등생) 1회 2시간',0),('국민체육센터','5:00','21:00',900,120,'화 ~ 토수영 어린이(초등생)수급자 1회 2시간',0),('국민체육센터','5:00','21:00',2500,120,'화 ~ 토헬스 성인 1회 2시간',0),('국민체육센터','5:00','21:00',1200,120,'화 ~ 토헬스 성인유공자ㆍ경로ㆍ장애ㆍ다자녀 1회 2시간',0),('국민체육센터','5:00','21:00',1800,120,'화 ~ 토헬스 청소년ㆍ군인 1회 2시간',0),('국민체육센터','5:00','21:00',900,120,'화 ~ 토헬스 청소년장애인ㆍ수급자ㆍ다자녀 1회 2시간',0),('국민체육센터','5:00','21:00',1200,120,'화 ~ 토헬스 어린이(초등) 1회 2시간',0),('국민체육센터','5:00','21:00',600,120,'화 ~ 토헬스 어린이장애인ㆍ수급자ㆍ다자녀 1회 2시간',0);
/*!40000 ALTER TABLE `평일예약` ENABLE KEYS */;
UNLOCK TABLES;

--
-- Table structure for table `평일예약2`
--

DROP TABLE IF EXISTS `평일예약2`;
/*!40101 SET @saved_cs_client     = @@character_set_client */;
/*!50503 SET character_set_client = utf8mb4 */;
CREATE TABLE `평일예약2` (
  `facilities` varchar(50) DEFAULT NULL,
  `time` varchar(50) DEFAULT NULL,
  `fare` int DEFAULT NULL,
  `additional` varchar(50) DEFAULT NULL,
  `Team` tinyint DEFAULT NULL
) ENGINE=InnoDB DEFAULT CHARSET=utf8mb4 COLLATE=utf8mb4_0900_ai_ci;
/*!40101 SET character_set_client = @saved_cs_client */;

--
-- Dumping data for table `평일예약2`
--

LOCK TABLES `평일예약2` WRITE;
/*!40000 ALTER TABLE `평일예약2` DISABLE KEYS */;
INSERT INTO `평일예약2` VALUES ('춘천송암스포츠타운 보조경기장','06:00 ~ 08:00',30000,'시간당 15,000원',1),('춘천송암스포츠타운 보조경기장','08:00 ~ 10:00',30000,'시간당 15,000원',1),('춘천송암스포츠타운 보조경기장','10:00 ~ 12:00',30000,'시간당 15,000원',1),('춘천송암스포츠타운 보조경기장','12:00 ~ 14:00',30000,'시간당 15,000원',1),('춘천송암스포츠타운 보조경기장','14:00 ~ 16:00',30000,'시간당 15,000원',1),('춘천송암스포츠타운 보조경기장','16:00 ~ 18:00',30000,'시간당 15,000원',1),('춘천송암스포츠타운 보조경기장','18:00 ~ 20:00',30000,'시간당 15,000원',1),('춘천송암스포츠타운 보조경기장','20:00 ~ 22:00',61000,'시간당 15,000원, 야간조명 사용료 31,000',1),('춘천송암스포츠타운 야구장','09:00 ~ 13:00',100000,'시간당 25,000원',1),('춘천송암스포츠타운 야구장','14:00 ~ 18:00',100000,'시간당 25,000원',1),('춘천송암스포츠타운 야구장','08:00 ~ 22:00',100000,'시간당 25,000원',1),('춘천송암스포츠타운 테니스장','06:00 ~ 07:00',15000,'시간당 15,000원, 야간조명사용료 별도문의',1),('춘천송암스포츠타운 테니스장','07:00 ~ 08:00',15000,'시간당 15,000원, 야간조명사용료 별도문의',1),('춘천송암스포츠타운 테니스장','08:00 ~ 09:00',15000,'시간당 15,000원, 야간조명사용료 별도문의',1),('춘천송암스포츠타운 테니스장','09:00 ~ 10:00',15000,'시간당 15,000원, 야간조명사용료 별도문의',1),('춘천송암스포츠타운 테니스장','10:00 ~ 11:00',15000,'시간당 15,000원, 야간조명사용료 별도문의',1),('춘천송암스포츠타운 테니스장','11:00 ~ 12:00',15000,'시간당 15,000원, 야간조명사용료 별도문의',1),('춘천송암스포츠타운 테니스장','12:00 ~ 13:00',15000,'시간당 15,000원, 야간조명사용료 별도문의',1),('춘천송암스포츠타운 테니스장','13:00 ~ 14:00',15000,'시간당 15,000원, 야간조명사용료 별도문의',1),('춘천송암스포츠타운 테니스장','14:00 ~ 15:00',15000,'시간당 15,000원, 야간조명사용료 별도문의',1),('춘천송암스포츠타운 테니스장','15:00 ~ 16:00',15000,'시간당 15,000원, 야간조명사용료 별도문의',1),('춘천송암스포츠타운 테니스장','16:00 ~ 17:00',15000,'시간당 15,000원, 야간조명사용료 별도문의',1),('춘천송암스포츠타운 테니스장','17:00 ~ 18:00',15000,'시간당 15,000원, 야간조명사용료 별도문의',1),('춘천송암스포츠타운 테니스장','18:00 ~ 19:00',15000,'시간당 15,000원, 야간조명사용료 별도문의',1),('춘천송암스포츠타운 테니스장','19:00 ~ 20:00',15000,'시간당 15,000원, 야간조명사용료 별도문의',1),('춘천송암스포츠타운 테니스장','20:00 ~ 21:00',15000,'시간당 15,000원, 야간조명사용료 별도문의',1),('춘천송암스포츠타운 테니스장','21:00 ~ 22:00',15000,'시간당 15,000원, 야간조명사용료 별도문의',1),('춘천송암스포츠타운 풋살장','07:00 ~ 08:00',10000,'시간당 10,000원',1),('춘천송암스포츠타운 풋살장','08:00 ~ 09:00',10000,'시간당 10,000원',1),('춘천송암스포츠타운 풋살장','09:00 ~ 10:00',10000,'시간당 10,000원',1),('춘천송암스포츠타운 풋살장','10:00 ~ 11:00',10000,'시간당 10,000원',1),('춘천송암스포츠타운 풋살장','11:00 ~ 12:00',10000,'시간당 10,000원',1),('춘천송암스포츠타운 풋살장','12:00 ~ 13:00',10000,'시간당 10,000원',1),('춘천송암스포츠타운 풋살장','13:00 ~ 14:00',10000,'시간당 10,000원',1),('춘천송암스포츠타운 풋살장','14:00 ~ 15:00',10000,'시간당 10,000원',1),('춘천송암스포츠타운 풋살장','15:00 ~ 16:00',10000,'시간당 10,000원',1),('춘천송암스포츠타운 풋살장','16:00 ~ 17:00',10000,'시간당 10,000원',1),('춘천송암스포츠타운 풋살장','17:00 ~ 18:00',10000,'시간당 10,000원',1),('춘천송암스포츠타운 풋살장','18:00 ~ 19:00',10000,'시간당 10,000원',1),('춘천송암스포츠타운 풋살장','19:00 ~ 20:00',10000,'시간당 10,000원',1),('신북체육시설','06:00 ~ 08:00',11000,'시간당 11,000원',1),('신북체육시설','08:00 ~ 10:00',11000,'시간당 11,000원',1),('신북체육시설','10:00 ~ 12:00',11000,'시간당 11,000원',1),('신북체육시설','12:00 ~ 14:00',11000,'시간당 11,000원',1),('신북체육시설','14:00 ~ 16:00',11000,'시간당 11,000원',1),('신북체육시설','16:00 ~ 18:00',11000,'시간당 11,000원',1),('신북체육시설','19:00 ~ 21:00',11000,'시간당 11,000원',1),('거두리인조잔디구장','06:00 ~ 08:00',22000,'시간당 11,000원',1),('거두리인조잔디구장','08:00 ~ 10:00',22000,'시간당 11,000원',1),('거두리인조잔디구장','10:00 ~ 12:00',22000,'시간당 11,000원',1),('거두리인조잔디구장','12:00 ~ 14:00',22000,'시간당 11,000원',1),('거두리인조잔디구장','14:00 ~ 16:00',22000,'시간당 11,000원',1),('거두리인조잔디구장','16:00 ~ 18:00',22000,'시간당 11,000원',1),('거두리인조잔디구장','18:00 ~ 20:00',22000,'시간당 11,000원',1),('거두리인조잔디구장','20:00 ~ 22:00',56000,'시간당 11,000원, 야간조명사용료 34,000',1),('춘천송암스포츠타운 승마장','09:00 ~ 18:00',40000,'승마 교육 성인 1회 30분',1),('춘천송암스포츠타운 승마장','09:00 ~ 18:00',30000,'승마 교육 어린이,청소년,군인 1회 30분',1),('춘천송암스포츠타운 승마장','09:00 ~ 18:00',20000,'승마 체험 성인 1회 30분',1),('춘천송암스포츠타운 승마장','09:00 ~ 18:00',15000,'승마 체험 어린이,청소년,군인 1회 30분',1),('춘천송암스포츠타운 빙상장','13:00 ~ 18:00',7000,'성인 1회 2시간 대여로 2,500원포함',0),('춘천송암스포츠타운 빙상장','13:00 ~ 18:00',6000,'청소년 1회 2시간 대여로 2,500원포함',0),('춘천송암스포츠타운 인공암벽장','07:00 ~ 21:00',2000,'성인 1회2시간',0),('춘천송암스포츠타운 인공암벽장','07:00 ~ 21:00',1500,'청소년ㆍ군인 1회2시간',0),('춘천송암스포츠타운 인공암벽장','07:00 ~ 21:00',1000,'어린이 1회2시간',0),('춘천송암스포츠타운 인공암벽장','07:00 ~ 21:00',1500,'성인 단체20인 이상 1회2시간',0),('춘천송암스포츠타운 인공암벽장','07:00 ~ 21:00',1200,'청소년ㆍ군인 단체20인 이상 1회2시간',0),('춘천송암스포츠타운 인공암벽장','07:00 ~ 21:00',800,'어린이 단체20인이상 1회2시간',0),('춘천 공공 사격장','10:00 ~ 17:00',5000,'총기대여 및 실탄 25발 기준, 사전예약필수',1),('호반체육관','06:00 ~ 22:00',2000,'성인 1회 2시간',0),('호반체육관','06:00 ~ 22:00',1500,'청소년ㆍ군인 1회 2시간',0),('호반체육관','06:00 ~ 22:00',1000,'어린이 1회 2시간',0),('호반테니스장','06:00 ~ 22:00',2300,'주간 1면 2시간',0),('호반테니스장','06:00 ~ 22:00',3400,'조기ㆍ야간 1면 2시간',0),('봄내체육관','05:00 ~ 22:00',2000,'성인 배드민턴ㆍ탁구 1회 2시간',0),('봄내체육관','05:00 ~ 22:00',1500,'청소년ㆍ군인 배드민턴ㆍ탁구 1회 2시간',0),('봄내체육관','05:00 ~ 22:00',1000,'어린이 배드민턴ㆍ탁구 1회 2시간',0),('봄내체육관','05:00 ~ 22:00',2500,'성인 헬스장 1회 2시간',0),('봄내체육관','05:00 ~ 22:00',1800,'청소년ㆍ군인 헬스장 1회 2시간',0),('봄내체육관','05:00 ~ 22:00',1200,'어린이 헬스장 1회 2시간',0),('봄내체육관','05:00 ~ 22:00',2000,'성인 인공암벽 1회 2시간',0),('봄내체육관','05:00 ~ 22:00',1500,'청소년ㆍ군인 인공암벽 1회 2시간',0),('봄내체육관','05:00 ~ 22:00',1000,'어린이 인공암벽 1회 2시간',0),('서면파크골프장','09:00 ~ 18:00',4000,'춘천시민',1),('서면파크골프장','09:00 ~ 18:00',8000,'타지역시민',1),('소양파크골프장','09:00 ~ 18:00',4000,'성인 춘천시민 1회 4시간',1),('소양파크골프장','09:00 ~ 18:00',8000,'성인 타지역시민 1회 4시간',1),('소양파크골프장','09:00 ~ 18:00',3000,'청소년ㆍ군인 춘천시민 1회 4시간',1),('소양파크골프장','09:00 ~ 18:00',6000,'청소년ㆍ군인 타지역시민 1회 4시간',1),('소양파크골프장','09:00 ~ 18:00',2000,'어린이 춘천시민 1회 4시간',1),('소양파크골프장','09:00 ~ 18:00',4000,'어린이 타지역시민 1회 4시간',1),('장애인스포츠센터','09:00 ~ 18:00',1600,'체육관 성인 1회 2시간',0),('장애인스포츠센터','09:00 ~ 18:00',1200,'체육관 청소년ㆍ군인 1회 2시간',0),('장애인스포츠센터','09:00 ~ 18:00',800,'체육관 어린이 1회 2시간',0),('장애인스포츠센터','09:00 ~ 18:00',2500,'수중운동실 성인 1회 2시간',0),('장애인스포츠센터','09:00 ~ 18:00',2000,'수중운동실 청소년ㆍ군인 1회 2시간',0),('장애인스포츠센터','09:00 ~ 18:00',1300,'수중운동실 어린이 1회 2시간',0),('장애인스포츠센터','09:00 ~ 18:00',2000,'헬스장 성인 1회 2시간',0),('장애인스포츠센터','09:00 ~ 18:00',1500,'헬스장 청소년ㆍ군인 1회 2시간',0),('장애인스포츠센터','09:00 ~ 18:00',1000,'헬스장 어린이 1회 2시간',0),('국민생활관','05:00 ~ 09:00',2500,'오전화 ~ 토체육관(배드민턴) 성인 1회 2시간',0),('국민생활관','05:00 ~ 09:00',1500,'오전화 ~ 토체육관(배드민턴) 청소년ㆍ군경 1회 2시간',0),('국민생활관','05:00 ~ 09:00',1000,'오전화 ~ 토체육관(배드민턴) 어린이(초등생) 1회 2시간',0),('국민생활관','17:00 ~ 21:00',2500,'오후화 ~ 토체육관(배드민턴) 성인 1회 2시간',0),('국민생활관','17:00 ~ 21:00',1500,'오후화 ~ 토체육관(배드민턴) 청소년ㆍ군경 1회 2시간',0),('국민생활관','17:00 ~ 21:00',1000,'오후화 ~ 토체육관(배드민턴) 어린이(초등생) 1회 2시간',0),('국민생활관','05:00 ~ 21:00',3000,'화 ~ 토수영 성인 1회 2시간',0),('국민생활관','05:00 ~ 21:00',1500,'화 ~ 토수영 성인경로ㆍ장애ㆍ유공자ㆍ기초생활ㆍ다자녀 1회 2시간',0),('국민생활관','05:00 ~ 21:00',2500,'화 ~ 토수영 청소년ㆍ군인 1회 2시간',0),('국민생활관','05:00 ~ 21:00',1500,'화 ~ 토수영 청소년장애ㆍ유공자ㆍ기초생활ㆍ다자녀 1회 2시간',0),('국민생활관','05:00 ~ 21:00',1600,'화 ~ 토수영 어린이(초등생) 1회 2시간',0),('국민생활관','05:00 ~ 21:00',2500,'화 ~ 토헬스 성인 1회 2시간',0),('국민생활관','05:00 ~ 21:00',1200,'화 ~ 토헬스 성인경로ㆍ장애ㆍ유공자ㆍ기초생활ㆍ다자녀 1회 2시간',0),('국민생활관','05:00 ~ 21:00',1800,'화 ~ 토헬스 청소년ㆍ군인 1회 2시간',0),('국민생활관','05:00 ~ 21:00',NULL,'화 ~ 토헬스 청소년장애ㆍ유공자ㆍ기초생활ㆍ다자녀 1회 2시간',0),('국민생활관','05:00 ~ 21:00',1200,'화 ~ 토헬스 어린이(초등생) 1회 2시간',0),('국민생활관','09:00 ~ 17:00',2500,'화 ~ 토체육관(농구) 성인 1회 2시간',0),('국민생활관','09:00 ~ 17:00',1500,'화 ~ 토체육관(농구) 청소년ㆍ군경 1회 2시간',0),('국민생활관','09:00 ~ 17:00',1000,'화 ~ 토체육관(농구) 어린이(초등생) 1회 2시간',0),('국민체육센터','05:00 ~ 21:00',3000,'화 ~ 토수영 성인 1회 2시간',0),('국민체육센터','05:00 ~ 21:00',1500,'화 ~ 토수영 성인경로/장애/유공자/다자녀 1회 2시간',0),('국민체육센터','05:00 ~ 21:00',2500,'화 ~ 토수영 청소년 1회 2시간',0),('국민체육센터','05:00 ~ 21:00',1200,'화 ~ 토수영 청소년 수급자 1회 2시간',0),('국민체육센터','05:00 ~ 21:00',1800,'화 ~ 토수영 어린이(초등생) 1회 2시간',0),('국민체육센터','05:00 ~ 21:00',NULL,'화 ~ 토수영 어린이(초등생)여성할인 1회 2시간',0),('국민체육센터','05:00 ~ 21:00',900,'화 ~ 토수영 어린이(초등생)수급자 1회 2시간',0),('국민체육센터','05:00 ~ 21:00',2500,'화 ~ 토헬스 성인 1회 2시간',0),('국민체육센터','05:00 ~ 21:00',1200,'화 ~ 토헬스 성인유공자ㆍ경로ㆍ장애ㆍ다자녀 1회 2시간',0),('국민체육센터','05:00 ~ 21:00',1800,'화 ~ 토헬스 청소년ㆍ군인 1회 2시간',0),('국민체육센터','05:00 ~ 21:00',900,'화 ~ 토헬스 청소년장애인ㆍ수급자ㆍ다자녀 1회 2시간',0),('국민체육센터','05:00 ~ 21:00',1200,'화 ~ 토헬스 어린이(초등) 1회 2시간',0),('국민체육센터','05:00 ~ 21:00',600,'화 ~ 토헬스 어린이장애인ㆍ수급자ㆍ다자녀 1회 2시간',0),('춘천송암스포츠타운 족구장','07:00 ~ 08:00',7500,'시간당 7,500원',1),('춘천송암스포츠타운 족구장','08:00 ~ 09:00',7500,'시간당 7,500원',1),('춘천송암스포츠타운 족구장','09:00 ~ 10:00',7500,'시간당 7,500원',1),('춘천송암스포츠타운 족구장','11:00 ~ 12:00',7500,'시간당 7,500원',1),('춘천송암스포츠타운 족구장','12:00 ~ 13:00',7500,'시간당 7,500원',1),('춘천송암스포츠타운 족구장','14:00 ~ 15:00',7500,'시간당 7,500원',1),('춘천송암스포츠타운 족구장','16:00 ~ 17:00',7500,'시간당 7,500원',1),('춘천송암스포츠타운 족구장','18:00 ~ 19:00',7500,'시간당 7,500원',1),('춘천송암스포츠타운 족구장','19:00 ~ 20:00',7500,'시간당 7,500원',1),('춘천송암스포츠타운 족구장','20:00 ~ 21:00',7500,'시간당 7,500원',1);
/*!40000 ALTER TABLE `평일예약2` ENABLE KEYS */;
UNLOCK TABLES;

--
-- Table structure for table `휴관날`
--

DROP TABLE IF EXISTS `휴관날`;
/*!40101 SET @saved_cs_client     = @@character_set_client */;
/*!50503 SET character_set_client = utf8mb4 */;
CREATE TABLE `휴관날` (
  `code` int NOT NULL,
  `Facility` varchar(15) DEFAULT NULL,
  `Cause` varchar(100) DEFAULT NULL,
  `date` date DEFAULT NULL,
  PRIMARY KEY (`code`)
) ENGINE=InnoDB DEFAULT CHARSET=utf8mb4 COLLATE=utf8mb4_0900_ai_ci;
/*!40101 SET character_set_client = @saved_cs_client */;

--
-- Dumping data for table `휴관날`
--

LOCK TABLES `휴관날` WRITE;
/*!40000 ALTER TABLE `휴관날` DISABLE KEYS */;
INSERT INTO `휴관날` VALUES (19,'신북체육시설','근로자의 날 휴관','2018-05-01'),(20,'신북체육시설','시장기 게이트볼 대회','2018-09-01'),(21,'신북체육시설','춘천시 게이트볼 동호인대회','2018-03-28'),(33,'보조경기장','춘천시노인지회장기게이트볼대회','2018-04-11'),(34,'보조경기장','케이워터배 게이트볼대회','2018-04-18'),(35,'보조경기장','강원도초중고축구리그','2018-04-14'),(36,'보조경기장','호반마라톤대회','2018-04-15'),(38,'송암테니스장','근로자의날','2018-05-01'),(41,'보조경기장','강원지방경찰청체력검정','2018-06-04'),(42,'보조경기장','강원지방경찰청체력검정','2018-06-05'),(44,'보조경기장','금강배리틀K리그','2018-07-30'),(45,'보조경기장','금강배리틀K리그','2018-07-31'),(46,'보조경기장','금강배리틀K리그','2018-08-01'),(47,'보조경기장','금강배리틀K리그','2018-08-02'),(48,'보조경기장','금강배리틀K리그','2018-08-03'),(49,'보조경기장','금강배리틀K리그','2018-08-04'),(50,'보조경기장','K3리그(춘천/청주)','2018-08-18'),(51,'보조경기장','2018국제레져대회(풋살)','2018-08-24'),(52,'보조경기장','2018국제레져대회(풋살)','2018-08-25'),(53,'보조경기장','2018국제레져대회(풋살)','2018-08-26'),(54,'보조경기장','강원도행정동우회','2018-09-17'),(55,'보조경기장','강원도행정동우회','2018-09-18'),(56,'보조경기장','강원도교육청 체육행사','2018-10-01'),(58,'보조경기장','춘천예초유치원','2018-10-20'),(60,'보조경기장','강원도 춘천시','2018-10-25'),(63,'보조경기장','강원도 축구협회 중등부리그경기','2018-09-08'),(64,'보조경기장','춘천시시민구단 K3리그(서울중량)','2018-09-15'),(65,'보조경기장','춘천중앙라이온스클럽','2018-09-14'),(66,'보조경기장','강원지방경찰청','2018-09-11'),(67,'보조경기장','추석','2018-09-24'),(68,'보조경기장','추석','2018-09-25'),(69,'보조경기장','추석','2018-09-26'),(70,'보조경기장','춘천지방법원','2018-09-20'),(71,'보조경기장','춘천시장기게이트볼대회','2018-10-16'),(72,'보조경기장','조선일보마라톤대회','2018-10-28'),(73,'보조경기장','강원도춘천시','2018-11-02'),(74,'보조경기장','강원도춘천시','2018-11-01'),(75,'보조경기장','강원도춘천시','2018-10-29'),(76,'보조경기장','강원도춘천시','2018-10-30'),(77,'보조경기장','강원도춘천시','2018-10-31'),(82,'꿈자람어린이공원','매주 월요일 정기휴관','2018-09-10'),(83,'꿈자람어린이공원','매주 월요일 정기휴관','2018-09-17'),(84,'신북체육시설','추석명절 무료개방','2018-09-24'),(85,'신북체육시설','추석명절 무료개방','2018-09-25'),(86,'신북체육시설','추석명절 무료개방','2018-09-23'),(87,'보조경기장','춘천시(무기)체력검정','2018-09-28'),(88,'보조경기장','춘천경찰서 경찰관 체력검정','2018-10-23'),(89,'보조경기장','춘천경찰서 경찰관 체력검정','2018-10-24'),(90,'보조경기장','강원도 춘천시','2018-11-03'),(92,'보조경기장','강원도 춘천시','2018-10-26'),(93,'보조경기장','강원도춘천시','2018-10-27'),(94,'보조경기장','강원지방경찰청체력검정','2018-10-11'),(96,'보조경기장','강원도청','2018-11-09'),(97,'보조경기장','시민화합큰잔치','2018-10-19'),(98,'춘천승마장','정기휴무','2018-10-08'),(99,'춘천승마장','정기휴무','2018-10-15'),(100,'춘천승마장','정기휴무','2018-10-22'),(101,'춘천승마장','정기휴무','2018-10-29'),(102,'보조경기장','강설','2018-12-11'),(103,'보조경기장','강설','2018-12-12'),(104,'보조경기장','강설','2018-12-13'),(105,'보조경기장','무료개방','2019-01-01'),(107,'보조경기장','강원지방경찰청 채용관련 체력검정','2019-02-21'),(109,'보조경기장','설연휴','2019-02-04'),(110,'보조경기장','설연휴','2019-02-05'),(111,'보조경기장','설연휴','2019-02-06'),(112,'꿈자람어린이공원','설날연휴 휴관','2019-02-04'),(113,'꿈자람어린이공원','설날연휴 휴관','2019-02-05'),(114,'꿈자람어린이공원','월요일 휴관','2019-02-18'),(115,'꿈자람어린이공원','월요일 휴관','2019-02-25'),(119,'보조경기장','강원지방경찰청 직원체력검정','2019-05-09'),(120,'보조경기장','강원지방경찰청 직원체력검정','2019-05-10'),(122,'보조경기장','창립기념일 휴관 (무료개방)','2019-03-02'),(123,'신북체육시설','창립기념일 휴관','2019-03-02'),(124,'꿈자람어린이공원','춘천도시공사 8주년 창립 기념일 휴관','2019-03-02'),(125,'꿈자람어린이공원','월요일휴관','2019-02-11'),(126,'꿈자람어린이공원','월요일휴관','2019-03-04'),(127,'꿈자람어린이공원','월요일휴관','2019-03-11'),(128,'꿈자람어린이공원','월요일휴관','2019-03-18'),(129,'꿈자람어린이공원','월요일휴관','2019-03-25'),(130,'꿈자람어린이공원','월요일휴관','2019-04-01'),(131,'꿈자람어린이공원','월요일 휴관','2019-04-08'),(132,'꿈자람어린이공원','월요일 휴관','2019-04-15'),(133,'꿈자람어린이공원','월요일 휴관','2019-04-22'),(134,'꿈자람어린이공원','월요일 휴관','2019-04-29'),(135,'꿈자람어린이공원','월요일 휴관','2019-05-13'),(136,'꿈자람어린이공원','월요일 휴관','2019-05-20'),(137,'꿈자람어린이공원','월요일 휴관','2019-05-27'),(138,'꿈자람어린이공원','월요일 휴관','2019-06-03'),(139,'꿈자람어린이공원','월요일 휴관','2019-06-10'),(140,'꿈자람어린이공원','월요일 휴관','2019-06-17'),(141,'꿈자람어린이공원','월요일 휴관','2019-06-24'),(142,'꿈자람어린이공원','월요일 휴관','2019-07-01'),(143,'꿈자람어린이공원','월요일 휴관','2019-07-08'),(144,'꿈자람어린이공원','월요일 휴관','2019-07-15'),(145,'꿈자람어린이공원','월요일 휴관','2019-07-22'),(146,'꿈자람어린이공원','월요일 휴관','2019-07-29'),(147,'꿈자람어린이공원','월요일 휴관','2019-08-05'),(148,'꿈자람어린이공원','월요일 휴관','2019-08-12'),(149,'꿈자람어린이공원','월요일 휴관','2019-08-19'),(150,'꿈자람어린이공원','월요일 휴관','2019-08-26'),(151,'꿈자람어린이공원','월요일 휴관','2019-09-02'),(152,'꿈자람어린이공원','월요일 휴관','2019-09-09'),(153,'꿈자람어린이공원','월요일 휴관','2019-09-16'),(154,'꿈자람어린이공원','월요일 휴관','2019-09-23'),(155,'꿈자람어린이공원','월요일 휴관','2019-09-30'),(156,'꿈자람어린이공원','월요일 휴관','2019-10-07'),(157,'꿈자람어린이공원','월요일 휴관','2019-10-14'),(158,'꿈자람어린이공원','월요일 휴관','2019-10-21'),(159,'꿈자람어린이공원','월요일 휴관','2019-10-28'),(160,'꿈자람어린이공원','월요일 휴관','2019-11-04'),(161,'꿈자람어린이공원','월요일 휴관','2019-11-11'),(162,'꿈자람어린이공원','월요일 휴관','2019-11-18'),(163,'꿈자람어린이공원','월요일 휴관','2019-11-25'),(164,'꿈자람어린이공원','월요일 휴관','2019-12-02'),(165,'꿈자람어린이공원','월요일 휴관','2019-12-09'),(166,'꿈자람어린이공원','월요일 휴관','2019-12-16'),(167,'꿈자람어린이공원','월요일 휴관','2019-12-23'),(168,'꿈자람어린이공원','월요일 휴관','2019-12-30'),(169,'꿈자람어린이공원','근로자의날 휴관','2019-05-01'),(170,'보조경기장','제27회 강원도민생활체전','2019-09-20'),(171,'보조경기장','제27회 강원도민생활체전','2019-09-21'),(172,'보조경기장','제27회 강원도민생활체전','2019-09-22'),(173,'보조경기장','2019년 초중고 축구리그 (고등부 4게임)','2019-04-13'),(174,'보조경기장','2019년 초중고 축구리그 (중등부 4게임)','2019-04-20'),(176,'보조경기장','2019년 초중고 축구리그 (중등부 4게임)','2019-10-19'),(180,'보조경기장','춘천시민구단 홈 경기','2019-05-04'),(181,'보조경기장','춘천시민구단 홈 경기','2019-05-25'),(183,'보조경기장','KESCO 5개사업소 한마음 축구대회','2019-04-26'),(184,'보조경기장','강원도노인회장기 게이트볼대회','2019-04-10'),(185,'꿈자람어린이공원','월요일 휴관','2019-05-06'),(186,'보조경기장','제16회 k-water 소양강댐 게이트볼대회','2019-04-24'),(187,'보조경기장','제27회 강원도민생활체전','2019-09-19'),(191,'보조경기장','강원지방경찰청 채용관련 체력검정','2019-05-23'),(192,'보조경기장','제17회 춘천시장기 노인 게이트볼 대회','2019-05-14'),(194,'보조경기장','춘천경찰서 직원체력검정','2019-05-16'),(195,'보조경기장','춘천경찰서 직원체력검정','2019-05-17'),(196,'보조경기장','54회 강원도 도민체전 개막식','2019-05-31'),(198,'보조경기장','춘천월드레져대회','2019-07-11'),(199,'보조경기장','춘천월드레져대회','2019-07-12'),(200,'보조경기장','춘천월드레져대회','2019-07-13'),(201,'보조경기장','춘천월드레져대회','2019-07-14'),(202,'보조경기장','춘천월드레져대회','2019-07-15'),(203,'보조경기장','스파르탄 대회','2019-05-18'),(204,'보조경기장','스파르탄대회','2019-05-19'),(205,'꿈자람어린이공원','꿈자람 어린이공원 공사 및 시설 보수 예정','2019-05-14'),(206,'꿈자람어린이공원','꿈자람 어린이공원 공사 및 시설 보수 예정','2019-05-15'),(207,'꿈자람어린이공원','꿈자람 어린이공원 공사 및 시설 보수 예정','2019-05-16'),(208,'꿈자람어린이공원','꿈자람 어린이공원 공사 및 시설 보수 예정','2019-05-17'),(210,'보조경기장','제12회 전국학교 스포츠클럽대회','2019-11-02'),(211,'보조경기장','제12회 전국학교 스포츠클럽대회','2019-11-03'),(213,'보조경기장','춘천시청 채용 체력검정','2019-05-28'),(215,'꿈자람어린이공원','무료개방(현장발권만 가능)','2019-05-05'),(216,'보조경기장','강원도청 청원경찰 채용 체력검정시험','2019-06-07'),(220,'보조경기장','예초유치원 사용예정','2019-10-26'),(224,'꿈자람어린이공원','실내공원 용역 대청소','2019-07-02'),(225,'꿈자람어린이공원','실내공원 용역 대청소','2019-07-03'),(226,'보조경기장','춘천시민구단 홈경기 충주','2019-08-31'),(227,'보조경기장','금강배 리틀k리그 유소년축구대회','2019-07-29'),(228,'보조경기장','금강배 리틀k리그 유소년축구대회','2019-07-30'),(229,'보조경기장','금강배 리틀k리그 유소년축구대회','2019-07-31'),(230,'보조경기장','금강배 리틀k리그 유소년축구대회','2019-08-01'),(231,'보조경기장','금강배 리틀k리그 유소년축구대회','2019-08-02'),(232,'보조경기장','금강배 리틀k리그 유소년축구대회','2019-08-03'),(233,'보조경기장','교원체육대회','2019-10-13'),(234,'보조경기장','휴젤 제약회사 체육행사 에정','2019-10-08'),(236,'꿈자람어린이공원','실외공원 이용금지(보수공사), 실내공원 이용가능, 현장발권만 가능합니다. ','2019-07-04'),(237,'꿈자람어린이공원','실외공원 이용금지(보수공사), 실내공원 이용가능, 현장발권만 가능합니다. ','2019-07-05'),(241,'보조경기장','조선일보 마라톤','2019-10-27'),(242,'보조경기장','레저대회','2019-09-06'),(243,'보조경기장','레저대회','2019-09-07'),(244,'보조경기장','레저대회','2019-09-08'),(245,'보조경기장','영남향우회 예정','2019-10-06'),(247,'보조경기장','경찰청 체력검정','2019-09-03'),(248,'보조경기장','춘천 국유림 관리소 채용시험','2019-08-20'),(251,'보조경기장','춘천 중앙라이온스클럽(장애인체육대회) ','2019-10-02'),(258,'보조경기장','보훈청 체육행사','2019-09-30'),(259,'보조경기장','제12회 전국학교 스포츠클럽대회','2019-11-01'),(260,'보조경기장','학원 체육행서 예정','2019-10-12'),(261,'꿈자람어린이공원','추석 휴관','2019-09-13'),(262,'꿈자람어린이공원','추석 휴관','2019-09-14'),(263,'보조경기장','제15회 춘천개인택시지부 체육대회(예정)','2019-09-24'),(265,'송암테니스장','휴관','2019-09-13'),(268,'보조경기장','무료개방','2019-09-12'),(269,'보조경기장','무료개방','2019-09-13'),(270,'보조경기장','무료개방','2019-09-14'),(272,'송암테니스장','강원지역 고교 동문 테니스대회','2019-10-09'),(273,'송암테니스장','춘천시민대축전','2019-10-12'),(275,'송암테니스장','무궁화배대회','2019-10-14'),(276,'송암테니스장','무궁화배대회','2019-10-15'),(277,'송암테니스장','무궁화배대회','2019-10-16'),(278,'송암테니스장','무궁화배대회','2019-10-17'),(279,'송암테니스장','무궁화배대회','2019-10-18'),(280,'송암테니스장','무궁화배대회','2019-10-19'),(281,'송암테니스장','무궁화배대회','2019-10-20'),(283,'송암테니스장','이덕희배 테니스대회','2019-10-27'),(284,'송암테니스장','이덕희배 테니스대회','2019-10-28'),(285,'송암테니스장','이덕희배 테니스대회','2019-10-29'),(286,'송암테니스장','이덕희배 테니스대회','2019-10-30'),(287,'송암테니스장','이덕희배 테니스대회','2019-10-31'),(288,'송암테니스장','이덕희배 테니스대회','2019-11-01'),(289,'송암테니스장','이덕희배 테니스대회','2019-11-02'),(290,'송암테니스장','이덕희배 테니스대회','2019-11-03'),(292,'송암테니스장','춘천 오픈 단식대회','2019-11-09'),(294,'송암테니스장','춘천시 협회장배 대회','2019-11-16'),(296,'송암테니스장','주말리그 대회','2019-11-24'),(297,'송암테니스장','주말리그 대회','2019-12-08'),(298,'신북체육시설','무료개방','2019-09-12'),(299,'신북체육시설','무료개방','2019-09-13'),(300,'신북체육시설','무료개방','2019-09-14'),(301,'보조경기장','춘천경찰서 직원 체력검정','2019-10-15'),(303,'보조경기장','천주교 춘천교구','2019-10-07'),(304,'보조경기장','노인 게이트볼대회','2019-10-11'),(306,'송암테니스장','강원도 클럽 리그전','2019-10-03'),(309,'보조경기장','조명공사','2019-10-16'),(310,'보조경기장','조명공사','2019-10-17'),(311,'보조경기장','조명공사','2019-10-18'),(313,'보조경기장','강원도 지체장애인협회 체육행사','2019-10-23'),(316,'보조경기장','춘천시청 직원채용 체력검정','2019-10-29'),(321,'보조경기장','춘일교회','2019-10-20'),(327,'신북체육시설','휴                         관','2019-11-04'),(328,'신북체육시설','휴관','2019-11-11'),(329,'신북체육시설','휴관','2019-11-18'),(330,'신북체육시설','휴관','2019-11-25'),(333,'꿈자람어린이공원','시설대청소','2019-12-17'),(334,'신북체육시설','휴관','2019-12-02'),(335,'신북체육시설','휴관','2019-12-09'),(336,'신북체육시설','휴관','2019-12-16'),(337,'신북체육시설','휴관','2019-12-23'),(338,'신북체육시설','휴관','2019-12-30'),(399,'보조경기장','무료개방','2020-01-01'),(400,'꿈자람어린이공원','새해 휴관','2020-01-01'),(431,'신북체육시설','휴관','2020-01-06'),(432,'신북체육시설','휴관','2020-01-13'),(433,'신북체육시설','휴관','2020-01-20'),(434,'신북체육시설','휴관','2020-01-27'),(435,'신북체육시설','설날','2020-01-24'),(436,'신북체육시설','설날','2020-01-25'),(442,'꿈자람어린이공원','설날 연휴 휴관','2020-01-26'),(447,'보조경기장','무료개방','2020-01-24'),(448,'보조경기장','무료개방','2020-01-25'),(449,'보조경기장','무료개방','2020-01-26'),(450,'보조경기장','무료개방','2020-01-27'),(456,'거두리인조잔디구장','설연휴 무료개방(08~18시)','2020-01-24'),(457,'거두리인조잔디구장','설연휴 무료개방(08~18시)','2020-01-25'),(458,'거두리인조잔디구장','설연휴 무료개방(08~18시)','2020-01-26'),(459,'거두리인조잔디구장','설연휴 무료개방(08~18시)','2020-01-27'),(460,'거두리인조잔디구장','잔디교체 공사','2020-01-01'),(461,'거두리인조잔디구장','잔디교체 공사','2020-01-02'),(462,'거두리인조잔디구장','잔디교체 공사','2020-01-03'),(463,'거두리인조잔디구장','잔디교체 공사','2020-01-04'),(464,'거두리인조잔디구장','잔디교체 공사','2020-01-05'),(465,'거두리인조잔디구장','잔디교체 공사','2020-01-06'),(466,'거두리인조잔디구장','잔디교체 공사','2020-01-07'),(473,'꿈자람어린이공원','월요일 휴관','2020-01-13'),(474,'꿈자람어린이공원','월요일 휴관','2020-01-20'),(475,'꿈자람어린이공원','설날연휴 및 월요일 휴관','2020-01-27'),(476,'꿈자람어린이공원','설날연휴 휴관','2020-01-25'),(477,'꿈자람어린이공원','월요일 휴관','2020-02-03'),(478,'꿈자람어린이공원','월요일 휴관','2020-02-10'),(479,'꿈자람어린이공원','월요일 휴관','2020-02-17'),(480,'꿈자람어린이공원','월요일 휴관','2020-02-24'),(481,'꿈자람어린이공원','월요일 휴관','2020-03-02'),(482,'꿈자람어린이공원','월요일 휴관','2020-03-09'),(483,'꿈자람어린이공원','월요일 휴관','2020-03-16'),(484,'꿈자람어린이공원','월요일 휴관','2020-03-23'),(485,'꿈자람어린이공원','월요일 휴관','2020-03-30'),(486,'꿈자람어린이공원','월요일 휴관','2020-04-06'),(487,'꿈자람어린이공원','월요일 휴관','2020-04-13'),(488,'꿈자람어린이공원','월요일 휴관','2020-04-20'),(489,'꿈자람어린이공원','월요일 휴관','2020-04-27'),(490,'꿈자람어린이공원','월요일 휴관','2020-05-04'),(491,'꿈자람어린이공원','월요일 휴관','2020-05-11'),(492,'꿈자람어린이공원','월요일 휴관','2020-05-18'),(493,'꿈자람어린이공원','월요일 휴관','2020-05-25'),(494,'꿈자람어린이공원','월요일 휴관','2020-06-01'),(495,'꿈자람어린이공원','월요일 휴관','2020-06-08'),(496,'꿈자람어린이공원','월요일 휴관','2020-06-15'),(497,'꿈자람어린이공원','월요일 휴관','2020-06-22'),(498,'꿈자람어린이공원','월요일 휴관','2020-06-29'),(499,'꿈자람어린이공원','월요일 휴관','2020-07-06'),(500,'꿈자람어린이공원','월요일 휴관','2020-07-13'),(501,'꿈자람어린이공원','월요일 휴관','2020-07-20'),(502,'꿈자람어린이공원','월요일 휴관','2020-07-27'),(503,'꿈자람어린이공원','월요일 휴관','2020-08-03'),(504,'꿈자람어린이공원','월요일 휴관','2020-08-10'),(505,'꿈자람어린이공원','월요일 휴관','2020-08-17'),(506,'꿈자람어린이공원','월요일 휴관','2020-08-24'),(507,'꿈자람어린이공원','월요일 휴관','2020-08-31'),(508,'꿈자람어린이공원','월요일 휴관','2020-09-07'),(509,'꿈자람어린이공원','월요일 휴관','2020-09-14'),(510,'꿈자람어린이공원','월요일 휴관','2020-09-21'),(511,'꿈자람어린이공원','월요일 휴관','2020-09-28'),(512,'꿈자람어린이공원','월요일 휴관','2020-10-05'),(513,'꿈자람어린이공원','월요일 휴관','2020-10-12'),(514,'꿈자람어린이공원','월요일 휴관','2020-10-19'),(515,'꿈자람어린이공원','월요일 휴관','2020-10-26'),(516,'꿈자람어린이공원','월요일 휴관','2020-11-02'),(517,'꿈자람어린이공원','월요일 휴관','2020-11-09'),(518,'꿈자람어린이공원','월요일 휴관','2020-11-16'),(519,'꿈자람어린이공원','월요일 휴관','2020-11-23'),(520,'꿈자람어린이공원','월요일 휴관','2020-11-30'),(521,'꿈자람어린이공원','월요일 휴관','2020-12-07'),(522,'꿈자람어린이공원','월요일 휴관','2020-12-14'),(523,'꿈자람어린이공원','월요일 휴관','2020-12-21'),(524,'꿈자람어린이공원','월요일 휴관','2020-12-28'),(525,'송암테니스장','설날휴관','2020-01-25'),(526,'송암테니스장','설날휴관','2020-01-26'),(528,'신북체육시설','창립기념일','2020-03-02'),(529,'신북체육시설','월요일휴관','2020-03-09'),(530,'신북체육시설','월요일휴관','2020-03-16'),(531,'신북체육시설','월요일휴관','2020-03-23'),(532,'신북체육시설','월요일휴관','2020-02-17'),(533,'신북체육시설','월요일휴관','2020-02-24'),(534,'신북체육시설','월요일휴관','2020-03-30'),(537,'송암테니스장','창립기념일','2020-03-02'),(538,'송암테니스장','근로자의 날','2020-05-01'),(546,'송암테니스장','긴급 휴관','2020-02-23'),(547,'송암테니스장','긴급 휴관','2020-02-24'),(548,'송암테니스장','긴급 휴관','2020-02-25'),(549,'송암테니스장','긴급 휴관','2020-02-26'),(550,'송암테니스장','긴급 휴관','2020-02-27'),(551,'송암테니스장','긴급 휴관','2020-02-28'),(552,'송암테니스장','긴급 휴관','2020-02-29'),(553,'송암테니스장','긴급 휴관','2020-03-01'),(554,'송암테니스장','긴급 휴관','2020-03-03'),(555,'송암테니스장','긴급 휴관','2020-03-04'),(556,'송암테니스장','긴급 휴관','2020-03-05'),(557,'송암테니스장','긴급 휴관','2020-03-06'),(558,'송암테니스장','긴급 휴관','2020-03-07'),(559,'송암테니스장','긴급 휴관','2020-03-08'),(560,'송암테니스장','긴급 휴관','2020-03-09'),(561,'송암테니스장','긴급 휴관','2020-03-10'),(562,'송암테니스장','긴급 휴관','2020-03-11'),(563,'송암테니스장','긴급 휴관','2020-03-12'),(564,'송암테니스장','긴급 휴관','2020-03-13'),(565,'송암테니스장','긴급 휴관','2020-03-14'),(566,'송암테니스장','긴급 휴관','2020-03-15'),(567,'송암테니스장','긴급 휴관','2020-03-16'),(568,'송암테니스장','긴급 휴관','2020-03-17'),(569,'송암테니스장','긴급 휴관','2020-03-18'),(570,'송암테니스장','긴급 휴관','2020-03-19'),(571,'송암테니스장','긴급 휴관','2020-03-20'),(572,'송암테니스장','긴급 휴관','2020-03-21'),(573,'송암테니스장','긴급 휴관','2020-03-22'),(574,'송암테니스장','긴급 휴관','2020-03-23'),(575,'송암테니스장','긴급 휴관','2020-03-24'),(576,'송암테니스장','긴급 휴관','2020-03-25'),(577,'송암테니스장','긴급 휴관','2020-03-26'),(578,'송암테니스장','긴급 휴관','2020-03-27'),(579,'송암테니스장','긴급 휴관','2020-03-28'),(580,'송암테니스장','긴급 휴관','2020-03-29'),(581,'송암테니스장','긴급 휴관','2020-03-30'),(582,'송암테니스장','긴급 휴관','2020-03-31'),(583,'꿈자람어린이공원','춘천지역 코로나19 발생에 따른 임시휴관','2020-02-25'),(584,'꿈자람어린이공원','춘천지역 코로나19 발생에 따른 임시휴관','2020-02-26'),(585,'꿈자람어린이공원','춘천지역 코로나19 발생에 따른 임시휴관','2020-02-27'),(586,'꿈자람어린이공원','춘천지역 코로나19 발생에 따른 임시휴관','2020-02-28'),(587,'꿈자람어린이공원','춘천지역 코로나19 발생에 따른 임시휴관','2020-02-29'),(588,'꿈자람어린이공원','춘천지역 코로나19 발생에 따른 임시휴관','2020-03-01'),(589,'거두리인조잔디구장','코로나바이러스 인한 임시 휴장','2020-03-03'),(590,'거두리인조잔디구장','코로나바이러스 인한 임시 휴장','2020-03-04'),(591,'거두리인조잔디구장','코로나바이러스 인한 임시 휴장','2020-03-05'),(592,'거두리인조잔디구장','코로나바이러스 인한 임시 휴장','2020-03-06'),(593,'거두리인조잔디구장','코로나바이러스 인한 임시 휴장','2020-03-07'),(594,'거두리인조잔디구장','코로나바이러스 인한 임시 휴장','2020-03-08'),(595,'거두리인조잔디구장','코로나바이러스 인한 임시 휴장','2020-03-09'),(596,'거두리인조잔디구장','코로나바이러스 인한 임시 휴장','2020-03-10'),(597,'거두리인조잔디구장','코로나바이러스 인한 임시 휴장','2020-03-11'),(598,'거두리인조잔디구장','코로나바이러스 인한 임시 휴장','2020-03-12'),(599,'거두리인조잔디구장','코로나바이러스 인한 임시 휴장','2020-03-13'),(600,'거두리인조잔디구장','코로나바이러스 인한 임시 휴장','2020-03-14'),(601,'거두리인조잔디구장','코로나바이러스 인한 임시 휴장','2020-03-15'),(602,'거두리인조잔디구장','코로나바이러스 인한 임시 휴장','2020-03-16'),(603,'거두리인조잔디구장','코로나바이러스 인한 임시 휴장','2020-03-17'),(604,'거두리인조잔디구장','코로나바이러스 인한 임시 휴장','2020-03-18'),(605,'거두리인조잔디구장','코로나바이러스 인한 임시 휴장','2020-03-19'),(606,'거두리인조잔디구장','코로나바이러스 인한 임시 휴장','2020-03-20'),(607,'거두리인조잔디구장','코로나바이러스 인한 임시 휴장','2020-03-21'),(608,'거두리인조잔디구장','코로나바이러스 인한 임시 휴장','2020-03-22'),(609,'거두리인조잔디구장','코로나바이러스 인한 임시 휴장','2020-03-23'),(610,'거두리인조잔디구장','코로나바이러스 인한 임시 휴장','2020-03-24'),(611,'거두리인조잔디구장','코로나바이러스 인한 임시 휴장','2020-03-25'),(612,'거두리인조잔디구장','코로나바이러스 인한 임시 휴장','2020-03-26'),(613,'거두리인조잔디구장','코로나바이러스 인한 임시 휴장','2020-03-27'),(614,'거두리인조잔디구장','코로나바이러스 인한 임시 휴장','2020-03-28'),(615,'거두리인조잔디구장','코로나바이러스 인한 임시 휴장','2020-03-29'),(616,'거두리인조잔디구장','코로나바이러스 인한 임시 휴장','2020-03-30'),(617,'거두리인조잔디구장','코로나바이러스 인한 임시 휴장','2020-03-31'),(618,'거두리인조잔디구장','코로나바이러스 인한 임시 휴장','2020-03-02'),(645,'거두리인조잔디구장','코로나바이러스 인한 임시 휴장','2020-03-01'),(646,'보조경기장','코르나 확산방지 임시 휴관','2020-02-24'),(647,'보조경기장','코르나 확산방지 임시 휴관','2020-02-25'),(648,'보조경기장','코르나 확산방지 임시 휴관','2020-02-26'),(649,'보조경기장','코르나 확산방지 임시 휴관','2020-02-27'),(650,'보조경기장','코르나 확산방지 임시 휴관','2020-02-28'),(651,'보조경기장','코르나 확산방지 임시 휴관','2020-02-29'),(652,'보조경기장','코로나 확산방지 임시 휴관','2020-03-01'),(653,'보조경기장','코로나 확산방지 임시 휴관','2020-03-02'),(654,'보조경기장','코로나 확산방지 임시 휴관','2020-03-03'),(655,'보조경기장','코로나 확산방지 임시 휴관','2020-03-04'),(656,'보조경기장','코로나 확산방지 임시 휴관','2020-03-05'),(657,'보조경기장','코로나 확산방지 임시 휴관','2020-03-06'),(658,'보조경기장','코로나 확산방지 임시 휴관','2020-03-07'),(659,'보조경기장','코로나 확산방지 임시 휴관','2020-03-08'),(660,'보조경기장','코로나 확산방지 임시 휴관','2020-03-09'),(661,'보조경기장','코로나 확산방지 임시 휴관','2020-03-10'),(662,'보조경기장','코로나 확산방지 임시 휴관','2020-03-11'),(663,'보조경기장','코로나 확산방지 임시 휴관','2020-03-12'),(664,'보조경기장','코로나 확산방지 임시 휴관','2020-03-13'),(665,'보조경기장','코로나 확산방지 임시 휴관','2020-03-14'),(666,'보조경기장','코로나 확산방지 임시 휴관','2020-03-15'),(669,'보조경기장','코로나 확산방지 임시 휴관','2020-03-16'),(670,'보조경기장','코로나 확산방지 임시 휴관','2020-03-17'),(671,'보조경기장','코로나 확산방지 임시 휴관','2020-03-18'),(672,'보조경기장','코로나 확산방지 임시 휴관','2020-03-19'),(673,'보조경기장','코로나 확산방지 임시 휴관','2020-03-20'),(674,'보조경기장','코로나 확산방지 임시 휴관','2020-03-21'),(675,'보조경기장','코로나 확산방지 임시 휴관','2020-03-22'),(676,'보조경기장','코로나 확산방지 임시 휴관','2020-03-23'),(677,'보조경기장','코로나 확산방지 임시 휴관','2020-03-24'),(678,'보조경기장','코로나 확산방지 임시 휴관','2020-03-25'),(679,'보조경기장','코로나 확산방지 임시 휴관','2020-03-26'),(680,'보조경기장','코로나 확산방지 임시 휴관','2020-03-27'),(681,'보조경기장','코로나 확산방지 임시 휴관','2020-03-28'),(682,'보조경기장','코로나 확산방지 임시 휴관','2020-03-29'),(683,'보조경기장','코로나 확산방지 임시 휴관','2020-03-30'),(684,'보조경기장','코로나 확산방지 임시 휴관','2020-03-31'),(691,'거두리인조잔디구장','코로나 바이러스 인한 임시 휴장(12시 부터)','2020-02-22'),(692,'거두리인조잔디구장','코로나 바이러스인한 임시 휴장','2020-02-23'),(693,'거두리인조잔디구장','코로나 바이러스 인한 임시휴장','2020-02-24'),(694,'거두리인조잔디구장','코로나 바이러스인한 임시 휴장','2020-02-25'),(695,'거두리인조잔디구장','코로나 바이러스인한 임시 휴장','2020-02-26'),(696,'거두리인조잔디구장','코로나 바이러스인한 임시 휴장','2020-02-27'),(697,'거두리인조잔디구장','코로나 바이러스인한 임시 휴장','2020-02-28'),(698,'거두리인조잔디구장','코로나 바이러스인한 임시 휴장','2020-02-29'),(699,'신북체육시설','코로나19 휴관','2020-03-17'),(700,'신북체육시설','코로나19 휴관','2020-03-18'),(701,'신북체육시설','코로나19 휴관','2020-03-19'),(702,'신북체육시설','코로나19 휴관','2020-03-20'),(703,'신북체육시설','코로나19 휴관','2020-03-21'),(704,'신북체육시설','코로나19 휴관','2020-03-24'),(705,'신북체육시설','코로나19 휴관','2020-03-25'),(706,'신북체육시설','코로나19 휴관','2020-03-26'),(707,'신북체육시설','코로나19 휴관','2020-03-27'),(708,'신북체육시설','코로나19 휴관','2020-03-28'),(709,'신북체육시설','코로나19 휴관','2020-03-31'),(710,'신북체육시설','코로나19 휴관','2020-04-01'),(711,'신북체육시설','코로나19 휴관','2020-04-02'),(712,'신북체육시설','코로나19 휴관','2020-04-03'),(713,'신북체육시설','코로나19 휴관','2020-04-04'),(714,'신북체육시설','코로나19 휴관','2020-04-05'),(715,'신북체육시설','코로나19 휴관','2020-04-06'),(716,'신북체육시설','코로나19 휴관','2020-04-07'),(717,'신북체육시설','코로나19 휴관','2020-04-08'),(718,'신북체육시설','코로나19 휴관','2020-04-09'),(719,'신북체육시설','코로나19 휴관','2020-04-10'),(720,'신북체육시설','코로나19 휴관','2020-04-11'),(721,'신북체육시설','코로나19 휴관','2020-04-12'),(722,'신북체육시설','코로나19 휴관','2020-04-13'),(723,'신북체육시설','코로나19 휴관','2020-04-14'),(724,'신북체육시설','코로나19 휴관','2020-04-15'),(725,'신북체육시설','코로나19 휴관','2020-04-16'),(726,'신북체육시설','코로나19 휴관','2020-04-17'),(728,'거두리인조잔디구장','코로나19 확산대응 위한 임시휴장','2020-09-04'),(729,'거두리인조잔디구장','코로나19 확산대응 위한 임시휴장)','2020-09-05'),(730,'거두리인조잔디구장','코로나19 확산대응 위한 임시휴장','2020-09-06'),(731,'거두리인조잔디구장','코로나바이러스 인한 임시 휴장','2020-04-01'),(732,'거두리인조잔디구장','코로나바이러스 인한 임시 휴장','2020-04-02'),(733,'거두리인조잔디구장','코로나바이러스 인한 임시 휴장','2020-04-03'),(734,'거두리인조잔디구장','코로나바이러스 인한 임시 휴장','2020-04-04'),(735,'거두리인조잔디구장','코로나바이러스 인한 임시 휴장','2020-04-05'),(736,'거두리인조잔디구장','코로나바이러스 인한 임시 휴장','2020-04-06'),(737,'거두리인조잔디구장','코로나바이러스 인한 임시 휴장','2020-04-07'),(738,'거두리인조잔디구장','코로나바이러스 인한 임시 휴장','2020-04-08'),(739,'거두리인조잔디구장','코로나바이러스 인한 임시 휴장','2020-04-09'),(740,'거두리인조잔디구장','코로나바이러스 인한 임시 휴장','2020-04-10'),(741,'거두리인조잔디구장','코로나바이러스 인한 임시 휴장','2020-04-11'),(742,'송암테니스장','코로나','2020-04-01'),(743,'송암테니스장','코로나','2020-04-02'),(744,'송암테니스장','코로나','2020-04-03'),(745,'송암테니스장','코로나','2020-04-04'),(746,'송암테니스장','코로나','2020-04-05'),(747,'신북체육시설','코로나19 휴관','2020-03-01'),(748,'신북체육시설','코로나19 휴관','2020-03-08'),(749,'신북체육시설','코로나19 휴관','2020-03-15'),(750,'신북체육시설','코로나19 휴관','2020-03-22'),(751,'신북체육시설','코로나19 휴관','2020-03-29'),(752,'신북체육시설','코로나19 휴관','2020-03-03'),(753,'신북체육시설','코로나19 휴관','2020-03-04'),(754,'신북체육시설','코로나19 휴관','2020-03-05'),(755,'신북체육시설','코로나19 휴관','2020-03-06'),(756,'신북체육시설','코로나19 휴관','2020-03-07'),(757,'신북체육시설','코로나19 휴관','2020-03-10'),(758,'신북체육시설','코로나19 휴관','2020-03-11'),(759,'신북체육시설','코로나19 휴관','2020-03-12'),(760,'신북체육시설','코로나19 휴관','2020-03-13'),(761,'신북체육시설','코로나19 휴관','2020-03-14'),(763,'신북체육시설','코로나19 휴관','2020-04-20'),(764,'신북체육시설','코로나19 휴관','2020-04-21'),(765,'신북체육시설','코로나19 휴관','2020-04-22'),(766,'신북체육시설','코로나19 휴관','2020-04-23'),(767,'신북체육시설','코로나19 휴관','2020-04-24'),(768,'신북체육시설','코로나19 휴관','2020-04-25'),(769,'신북체육시설','코로나19 휴관','2020-04-26'),(770,'신북체육시설','코로나19 휴관','2020-04-27'),(771,'신북체육시설','코로나19 휴관','2020-04-28'),(772,'신북체육시설','코로나19 휴관','2020-04-29'),(774,'보조경기장','코로나 확산방지 임시휴관','2020-04-01'),(775,'보조경기장','코로나 확산방지 임시휴관','2020-04-02'),(776,'보조경기장','코로나 확산방지 임시휴관','2020-04-03'),(777,'보조경기장','코로나 확산방지 임시휴관','2020-04-04'),(778,'보조경기장','코로나 확산방지 임시휴관','2020-04-05'),(779,'보조경기장','코로나 확산방지 임시 휴관','2020-04-06'),(780,'보조경기장','코로나 확산방지 임시 휴관','2020-04-07'),(781,'보조경기장','코로나 확산방지 임시 휴관','2020-04-08'),(782,'보조경기장','코로나 확산방지 임시 휴관','2020-04-09'),(783,'보조경기장','코로나 확산방지 임시 휴관','2020-04-10'),(784,'보조경기장','코로나 확산방지 임시 휴관','2020-04-11'),(785,'보조경기장','코로나 확산방지 임시 휴관','2020-04-12'),(786,'보조경기장','코로나 확산방지 임시 휴관','2020-04-13'),(787,'보조경기장','코로나 확산방지 임시 휴관','2020-04-14'),(788,'보조경기장','코로나 확산방지 임시 휴관','2020-04-15'),(789,'보조경기장','코로나 확산방지 임시 휴관','2020-04-16'),(790,'보조경기장','코로나 확산방지 임시 휴관','2020-04-17'),(791,'보조경기장','코로나 확산방지 임시 휴관','2020-04-18'),(792,'보조경기장','코로나 확산방지 임시 휴관','2020-04-19'),(793,'보조경기장','코로나 확산방지 임시 휴관','2020-04-20'),(794,'보조경기장','코로나 확산방지 임시 휴관','2020-04-21'),(795,'보조경기장','코로나 확산방지 임시 휴관','2020-04-22'),(796,'보조경기장','코로나 확산방지 임시 휴관','2020-04-23'),(797,'보조경기장','코로나 확산방지 임시 휴관','2020-04-24'),(798,'보조경기장','코로나 확산방지 임시 휴관','2020-04-25'),(799,'보조경기장','코로나 확산방지 임시 휴관','2020-04-26'),(804,'송암테니스장','코로나','2020-04-06'),(805,'송암테니스장','코로나','2020-04-07'),(806,'송암테니스장','코로나','2020-04-08'),(807,'송암테니스장','코로나','2020-04-09'),(808,'송암테니스장','코로나','2020-04-10'),(809,'송암테니스장','코로나','2020-04-11'),(810,'송암테니스장','코로나','2020-04-12'),(811,'송암테니스장','코로나','2020-04-13'),(812,'송암테니스장','코로나','2020-04-14'),(813,'송암테니스장','코로나','2020-04-15'),(814,'송암테니스장','코로나','2020-04-16'),(815,'송암테니스장','코로나','2020-04-17'),(816,'송암테니스장','코로나','2020-04-18'),(817,'송암테니스장','코로나','2020-04-19'),(818,'송암테니스장','코로나','2020-04-20'),(819,'송암테니스장','코로나','2020-04-21'),(820,'송암테니스장','코로나','2020-04-22'),(821,'송암테니스장','코로나','2020-04-23'),(822,'송암테니스장','코로나','2020-04-24'),(823,'송암테니스장','코로나','2020-04-25'),(824,'송암테니스장','코로나','2020-04-26'),(825,'송암테니스장','코로나','2020-04-27'),(826,'송암테니스장','코로나','2020-04-28'),(827,'송암테니스장','코로나','2020-04-29'),(828,'송암테니스장','코로나','2020-04-30'),(830,'거두리인조잔디구장','코로나바이러스 인한 임시 휴장','2020-04-29'),(831,'거두리인조잔디구장','코로나바이러스 인한 임시 휴장','2020-04-28'),(832,'거두리인조잔디구장','코로나바이러스 인한 임시 휴장','2020-04-27'),(833,'거두리인조잔디구장','코로나바이러스 인한 임시 휴장','2020-04-26'),(834,'거두리인조잔디구장','코로나바이러스 인한 임시 휴장','2020-04-25'),(835,'거두리인조잔디구장','코로나바이러스 인한 임시 휴장','2020-04-24'),(836,'거두리인조잔디구장','코로나바이러스 인한 임시 휴장','2020-04-16'),(837,'거두리인조잔디구장','코로나바이러스 인한 임시 휴장','2020-04-17'),(838,'거두리인조잔디구장','코로나바이러스 인한 임시 휴장','2020-04-18'),(839,'거두리인조잔디구장','코로나바이러스 인한 임시 휴장','2020-04-23'),(840,'거두리인조잔디구장','코로나바이러스 인한 임시 휴장','2020-04-15'),(841,'거두리인조잔디구장','코로나바이러스 인한 임시 휴장','2020-04-22'),(842,'거두리인조잔디구장','코로나바이러스 인한 임시 휴장','2020-04-14'),(843,'거두리인조잔디구장','코로나바이러스 인한 임시 휴장','2020-04-21'),(844,'거두리인조잔디구장','코로나바이러스 인한 임시 휴장','2020-04-13'),(845,'거두리인조잔디구장','코로나바이러스 인한 임시 휴장','2020-04-20'),(846,'거두리인조잔디구장','코로나바이러스 인한 임시 휴장','2020-04-12'),(847,'거두리인조잔디구장','코로나바이러스 인한 임시 휴장','2020-04-19'),(862,'송암테니스장','코로나','2020-05-02'),(863,'송암테니스장','코로나','2020-05-03'),(864,'송암테니스장','코로나','2020-05-04'),(865,'송암테니스장','코로나','2020-05-05'),(871,'보조경기장','코로나 확산방지 임시 휴관','2020-04-27'),(872,'보조경기장','코로나 확산방지 임시 휴관','2020-04-28'),(873,'보조경기장','코로나 확산방지 임시 휴관','2020-04-29'),(923,'송암테니스장','코로나','2020-05-06'),(924,'송암테니스장','코로나','2020-05-07'),(929,'신북체육시설','휴관','2020-05-04'),(930,'신북체육시설','휴관','2020-05-11'),(931,'신북체육시설','휴관','2020-05-18'),(932,'신북체육시설','휴관','2020-05-25'),(933,'송암테니스장','코로나','2020-05-08'),(934,'송암테니스장','코로나','2020-05-09'),(935,'송암테니스장','코로나','2020-05-10'),(936,'송암테니스장','코로나','2020-05-11'),(937,'송암테니스장','코로나','2020-05-12'),(938,'송암테니스장','코로나','2020-05-13'),(939,'송암테니스장','코로나','2020-05-14'),(940,'송암테니스장','코로나','2020-05-15'),(941,'송암테니스장','코로나','2020-05-16'),(942,'송암테니스장','코로나','2020-05-17'),(943,'송암테니스장','코로나','2020-05-18'),(944,'송암테니스장','코로나','2020-05-19'),(945,'송암테니스장','코로나','2020-05-20'),(946,'송암테니스장','코로나','2020-05-21'),(947,'송암테니스장','코로나','2020-05-22'),(948,'송암테니스장','코로나','2020-05-23'),(949,'송암테니스장','코로나','2020-05-24'),(950,'송암테니스장','코로나','2020-05-25'),(951,'송암테니스장','코로나','2020-05-26'),(952,'송암테니스장','코로나','2020-05-27'),(953,'송암테니스장','코로나','2020-05-28'),(954,'송암테니스장','코로나','2020-05-29'),(955,'송암테니스장','코로나','2020-05-30'),(956,'송암테니스장','코로나','2020-05-31'),(996,'송암테니스장','코로나','2020-06-01'),(997,'송암테니스장','코로나','2020-06-02'),(998,'송암테니스장','코로나','2020-06-03'),(999,'송암테니스장','코로나','2020-06-04'),(1000,'송암테니스장','코로나','2020-06-05'),(1001,'송암테니스장','코로나','2020-06-06'),(1002,'송암테니스장','코로나','2020-06-21'),(1003,'송암테니스장','코로나','2020-06-07'),(1004,'송암테니스장','코로나','2020-06-14'),(1005,'송암테니스장','코로나','2020-06-28'),(1006,'송암테니스장','코로나','2020-06-08'),(1007,'송암테니스장','코로나','2020-06-15'),(1008,'송암테니스장','코로나','2020-06-09'),(1009,'송암테니스장','코로나','2020-06-22'),(1010,'송암테니스장','코로나','2020-06-29'),(1011,'송암테니스장','코로나','2020-06-16'),(1012,'송암테니스장','코로나','2020-06-23'),(1013,'송암테니스장','코로나','2020-06-30'),(1014,'송암테니스장','코로나','2020-06-10'),(1015,'송암테니스장','코로나','2020-06-17'),(1016,'송암테니스장','코로나','2020-06-24'),(1017,'송암테니스장','코로나','2020-06-11'),(1018,'송암테니스장','코로나','2020-06-18'),(1019,'송암테니스장','코로나','2020-06-25'),(1020,'송암테니스장','코로나','2020-06-12'),(1021,'송암테니스장','코로나','2020-06-19'),(1022,'송암테니스장','코로나','2020-06-26'),(1023,'송암테니스장','코로나','2020-06-13'),(1024,'송암테니스장','코로나','2020-06-20'),(1025,'송암테니스장','코로나','2020-06-27'),(1033,'송암테니스장','코로나','2020-07-01'),(1034,'송암테니스장','코로나','2020-07-02'),(1035,'송암테니스장','코로나','2020-07-03'),(1036,'송암테니스장','코로나','2020-07-04'),(1037,'송암테니스장','코로나','2020-07-05'),(1038,'송암테니스장','코로나','2020-07-06'),(1039,'송암테니스장','코로나','2020-07-07'),(1040,'송암테니스장','코로나','2020-07-08'),(1041,'송암테니스장','코로나','2020-07-09'),(1042,'송암테니스장','코로나','2020-07-10'),(1043,'송암테니스장','코로나','2020-07-11'),(1044,'송암테니스장','코로나','2020-07-12'),(1045,'송암테니스장','코로나','2020-07-13'),(1046,'송암테니스장','코로나','2020-07-14'),(1047,'송암테니스장','코로나','2020-07-15'),(1048,'송암테니스장','코로나','2020-07-16'),(1049,'송암테니스장','코로나','2020-07-17'),(1050,'송암테니스장','코로나','2020-07-18'),(1051,'송암테니스장','코로나','2020-07-19'),(1052,'송암테니스장','코로나','2020-07-20'),(1053,'송암테니스장','코로나','2020-07-21'),(1054,'송암테니스장','코로나','2020-07-22'),(1055,'송암테니스장','코로나','2020-07-23'),(1056,'송암테니스장','코로나','2020-07-24'),(1057,'송암테니스장','ㅍ','2020-07-25'),(1058,'송암테니스장','코로나','2020-07-26'),(1059,'송암테니스장','코로나','2020-07-27'),(1060,'송암테니스장','코로나','2020-07-28'),(1061,'송암테니스장','코로나','2020-07-29'),(1062,'송암테니스장','코로나','2020-07-30'),(1063,'송암테니스장','코로나','2020-07-31'),(1072,'신북체육시설','휴관','2020-07-06'),(1073,'신북체육시설','휴관','2020-07-13'),(1074,'신북체육시설','휴관','2020-07-20'),(1075,'신북체육시설','휴관','2020-07-27'),(1076,'신북체육시설','휴관','2020-08-03'),(1077,'신북체육시설','휴관','2020-08-10'),(1078,'신북체육시설','휴관','2020-08-17'),(1079,'신북체육시설','휴관','2020-08-24'),(1080,'신북체육시설','휴관','2020-08-31'),(1081,'보조경기장','소양강댐 게이트볼 대회','2020-08-06'),(1082,'보조경기장','소양강댐 게이트볼 대회','2020-08-07'),(1083,'송암테니스장','코로나','2020-08-01'),(1084,'송암테니스장','코로나','2020-08-02'),(1085,'송암테니스장','코로나','2020-08-03'),(1086,'송암테니스장','코로나','2020-08-04'),(1087,'송암테니스장','코로나','2020-08-05'),(1088,'송암테니스장','코로나','2020-08-06'),(1089,'송암테니스장','코로나','2020-08-07'),(1090,'송암테니스장','코로나','2020-08-08'),(1091,'송암테니스장','코로나','2020-08-09'),(1092,'송암테니스장','코로나','2020-08-10'),(1093,'송암테니스장','코로나','2020-08-11'),(1094,'송암테니스장','코로나','2020-08-12'),(1095,'송암테니스장','코로나','2020-08-13'),(1096,'송암테니스장','코로나','2020-08-14'),(1097,'송암테니스장','코로나','2020-08-15'),(1098,'송암테니스장','코로나','2020-08-16'),(1099,'송암테니스장','코로나','2020-08-17'),(1100,'송암테니스장','코로나','2020-08-18'),(1101,'송암테니스장','코로나','2020-08-19'),(1102,'송암테니스장','코로나','2020-08-20'),(1103,'송암테니스장','코로나','2020-08-21'),(1104,'송암테니스장','코로나','2020-08-22'),(1105,'송암테니스장','코로나','2020-08-23'),(1106,'송암테니스장','코로나','2020-08-24'),(1107,'송암테니스장','코로나','2020-08-25'),(1108,'송암테니스장','코로나','2020-08-26'),(1109,'송암테니스장','코로나','2020-08-27'),(1110,'송암테니스장','코로나','2020-08-28'),(1111,'송암테니스장','코로나','2020-08-29'),(1112,'송암테니스장','코로나','2020-08-30'),(1113,'송암테니스장','코로나','2020-08-31'),(1114,'송암테니스장','코로나','2020-09-01'),(1115,'송암테니스장','코로나','2020-09-02'),(1116,'송암테니스장','코로나','2020-09-03'),(1117,'송암테니스장','코로나','2020-09-04'),(1118,'송암테니스장','코로나','2020-09-05'),(1119,'송암테니스장','코로나','2020-09-06'),(1120,'송암테니스장','코로나','2020-09-07'),(1121,'송암테니스장','코로나','2020-09-08'),(1122,'송암테니스장','코로나','2020-09-09'),(1123,'송암테니스장','코로나','2020-09-10'),(1124,'송암테니스장','코로나','2020-09-11'),(1125,'송암테니스장','코로나','2020-09-12'),(1126,'송암테니스장','코로나','2020-09-13'),(1127,'송암테니스장','코로나','2020-09-14'),(1128,'송암테니스장','코로나','2020-09-15'),(1129,'송암테니스장','코로나','2020-09-16'),(1130,'송암테니스장','코로나','2020-09-17'),(1131,'송암테니스장','코로나','2020-09-18'),(1132,'송암테니스장','코로나','2020-09-19'),(1133,'송암테니스장','코로나','2020-09-20'),(1134,'송암테니스장','코로나','2020-09-21'),(1135,'송암테니스장','코로나','2020-09-22'),(1136,'송암테니스장','코로나','2020-09-23'),(1137,'송암테니스장','코로나','2020-09-24'),(1138,'송암테니스장','코로나','2020-09-25'),(1139,'송암테니스장','코로나','2020-09-26'),(1140,'송암테니스장','코로나','2020-09-27'),(1141,'송암테니스장','코로나','2020-09-28'),(1142,'송암테니스장','코로나','2020-09-29'),(1143,'송암테니스장','코로나','2020-09-30'),(1144,'송암테니스장','코로나','2020-10-01'),(1145,'송암테니스장','코로나','2020-10-02'),(1146,'송암테니스장','코로나','2020-10-03'),(1147,'송암테니스장','코로나','2020-10-04'),(1148,'송암테니스장','코로나','2020-10-05'),(1149,'송암테니스장','코로나','2020-10-06'),(1152,'신북체육시설','휴관','2020-09-07'),(1153,'신북체육시설','휴관','2020-09-14'),(1154,'신북체육시설','휴관','2020-09-21'),(1155,'신북체육시설','휴관','2020-09-28'),(1156,'거두리인조잔디구장','코로나19 확산대응 위한 임시휴장','2020-08-24'),(1157,'거두리인조잔디구장','코로나19 확산대응 위한 임시휴장','2020-08-25'),(1158,'거두리인조잔디구장','코로나19 확산대응 위한 임시휴장','2020-08-26'),(1159,'거두리인조잔디구장','코로나19 확산대응 위한 임시휴장','2020-08-27'),(1160,'거두리인조잔디구장','코로나19 확산대응 위한 임시휴장','2020-08-28'),(1161,'거두리인조잔디구장','코로나19 확산대응 위한 임시휴장','2020-08-29'),(1162,'거두리인조잔디구장','코로나19 확산대응 위한 임시휴장','2020-08-30'),(1163,'거두리인조잔디구장','코로나19 확산대응 위한 임시휴장','2020-08-31'),(1164,'거두리인조잔디구장','코로나19 확산대응 위한 임시휴장','2020-09-01'),(1165,'거두리인조잔디구장','코로나19 확산대응 위한 임시휴장','2020-09-02'),(1166,'거두리인조잔디구장','코로나19 확산대응 위한 임시휴장','2020-09-03'),(1168,'보조경기장','코로나19 확산방지 임시휴관','2020-08-24'),(1169,'보조경기장','코로나19 확산방지 임시휴관','2020-08-23'),(1170,'보조경기장','코로나19 확산방지 임시휴관','2020-08-25'),(1171,'보조경기장','코로나19 확산방지 임시휴관','2020-08-26'),(1172,'보조경기장','코로나19 확산방지 임시휴관','2020-08-27'),(1173,'보조경기장','코로나19 확산방지 임시휴관','2020-08-28'),(1174,'보조경기장','코로나19 확산방지 임시휴관','2020-08-29'),(1175,'보조경기장','코로나19 확산방지 임시휴관','2020-09-01'),(1176,'보조경기장','코로나19 확산방지 임시휴관','2020-09-02'),(1177,'보조경기장','코로나19 확산방지 임시휴관','2020-09-03'),(1178,'보조경기장','코로나19 확산방지 임시휴관','2020-09-04'),(1179,'보조경기장','코로나19 확산방지 임시휴관','2020-09-05'),(1180,'보조경기장','코로나19 확산방지 임시휴관','2020-09-06'),(1181,'보조경기장','코로나19 확산방지 임시휴관','2020-09-07'),(1182,'보조경기장','코로나19 확산방지 임시휴관','2020-09-08'),(1183,'보조경기장','코로나19 확산방지 임시휴관','2020-09-09'),(1184,'보조경기장','코로나19 확산방지 임시휴관','2020-09-10'),(1185,'보조경기장','코로나19 확산방지 임시휴관','2020-09-11'),(1186,'보조경기장','코로나19 확산방지 임시휴관','2020-09-12'),(1188,'보조경기장','코로나19 확산방지 임시휴관','2020-09-13'),(1189,'보조경기장','코로나19 확산방지 임시휴관','2020-09-14'),(1190,'보조경기장','코로나19 확산방지 임시휴관','2020-09-15'),(1191,'보조경기장','코로나19 확산방지 임시휴관','2020-09-16'),(1192,'보조경기장','코로나19 확산방지 임시휴관','2020-09-17'),(1193,'보조경기장','코로나19 확산방지 임시휴관','2020-09-18'),(1194,'보조경기장','코로나19 확산방지 임시휴관','2020-09-19'),(1195,'보조경기장','코로나19 확산방지 임시휴관','2020-08-30'),(1196,'보조경기장','코로나19 확산방지 임시휴관','2020-08-31'),(1197,'거두리인조잔디구장','코로나19 확산대응 위한 임시휴장','2020-08-23'),(1198,'거두리인조잔디구장','코로나19 확산대응 위한 임시휴장','2020-09-07'),(1199,'거두리인조잔디구장','코로나19 확산대응 위한 임시휴장','2020-09-08'),(1200,'거두리인조잔디구장','코로나19 확산대응 위한 임시휴장','2020-09-09'),(1201,'거두리인조잔디구장','코로나19 확산대응 위한 임시휴장','2020-09-10'),(1202,'거두리인조잔디구장','코로나19 확산대응 위한 임시휴장','2020-09-11'),(1203,'거두리인조잔디구장','코로나19 확산대응 위한 임시휴장','2020-09-12'),(1204,'거두리인조잔디구장','코로나19 확산대응 위한 임시휴장','2020-09-13'),(1205,'거두리인조잔디구장','코로나19 확산대응 위한 임시휴장','2020-09-14'),(1206,'거두리인조잔디구장','코로나19 확산대응 위한 임시휴장','2020-09-15'),(1207,'거두리인조잔디구장','코로나19 확산대응 위한 임시휴장','2020-09-16'),(1208,'거두리인조잔디구장','코로나19 확산대응 위한 임시휴장','2020-09-17'),(1209,'거두리인조잔디구장','코로나19 확산대응 위한 임시휴장','2020-09-18'),(1210,'거두리인조잔디구장','코로나19 확산대응 위한 임시휴장','2020-09-19'),(1211,'거두리인조잔디구장','코로나19 확산대응 위한 임시휴장','2020-09-20'),(1212,'거두리인조잔디구장','코로나19 확산대응 위한 임시휴장','2020-09-21'),(1221,'거두리인조잔디구장','코로나19 확산대응 위한 임시휴장','2020-09-30'),(1222,'보조경기장','코로나19 확산방지 임시휴관','2020-09-20'),(1223,'보조경기장','코로나19 확산방지 임시휴관','2020-09-21'),(1233,'신북체육시설','코로나19','2020-08-25'),(1234,'신북체육시설','코로나19','2020-08-26'),(1235,'신북체육시설','코로나19','2020-08-27'),(1236,'신북체육시설','코로나19','2020-08-28'),(1237,'신북체육시설','코로나19','2020-08-29'),(1238,'신북체육시설','코로나19','2020-09-01'),(1239,'신북체육시설','코로나19','2020-09-02'),(1240,'신북체육시설','코로나19','2020-09-03'),(1241,'신북체육시설','코로나19','2020-09-04'),(1242,'신북체육시설','코로나19','2020-09-05'),(1243,'신북체육시설','코로나19','2020-09-08'),(1244,'신북체육시설','코로나19','2020-09-09'),(1245,'신북체육시설','코로나19','2020-09-10'),(1246,'신북체육시설','코로나19','2020-09-11'),(1247,'신북체육시설','코로나19','2020-09-12'),(1248,'신북체육시설','코로나19','2020-09-15'),(1249,'신북체육시설','코로나19','2020-09-16'),(1250,'신북체육시설','코로나19','2020-09-17'),(1251,'신북체육시설','코로나19','2020-09-18'),(1252,'신북체육시설','코로나19','2020-09-19'),(1259,'신북체육시설','추석연휴(폐쇄)','2020-10-01'),(1260,'신북체육시설','추석연휴(폐쇄)','2020-10-02'),(1261,'신북체육시설','개천절(폐쇄)','2020-10-03'),(1262,'거두리인조잔디구장','코로나19 확산대응 위한 임시휴장','2020-10-01'),(1263,'거두리인조잔디구장','코로나19 확산대응 위한 임시휴장','2020-10-02'),(1264,'거두리인조잔디구장','코로나19 확산대응 위한 임시휴장','2020-10-03'),(1265,'거두리인조잔디구장','코로나19 확산대응 위한 임시휴장','2020-10-04'),(1278,'송암테니스장','코로나','2020-10-07'),(1279,'송암테니스장','코로나','2020-10-08'),(1280,'송암테니스장','코로나','2020-10-09'),(1281,'송암테니스장','코로나','2020-10-10'),(1282,'송암테니스장','코로나','2020-10-11'),(1283,'송암테니스장','코로나','2020-10-12'),(1284,'송암테니스장','코로나','2020-10-13'),(1285,'신북체육시설','코로나19','2020-09-20'),(1286,'신북체육시설','추석휴무(폐쇄)','2020-09-30'),(1287,'보조경기장','추석연휴','2020-09-30'),(1288,'보조경기장','추석연휴','2020-10-01'),(1289,'보조경기장','추석연휴','2020-10-02'),(1290,'보조경기장','추석연휴','2020-10-03'),(1291,'보조경기장','추석연휴','2020-10-04'),(1299,'신북체육시설','추석연휴(폐쇄)','2020-10-04'),(1300,'신북체육시설','휴관','2020-10-05'),(1301,'신북체육시설','휴관','2020-10-12'),(1302,'신북체육시설','휴관','2020-10-19'),(1303,'신북체육시설','휴관','2020-10-26'),(1304,'송암테니스장','코로나','2020-10-14'),(1305,'송암테니스장','코로나','2020-10-15'),(1306,'송암테니스장','코로나','2020-10-16'),(1307,'송암테니스장','코로나','2020-10-17'),(1308,'송암테니스장','코로나','2020-10-18'),(1309,'송암테니스장','코로나','2020-10-19'),(1310,'송암테니스장','코로나','2020-10-20'),(1311,'송암테니스장','코로나','2020-10-21'),(1312,'송암테니스장','코로나','2020-10-22'),(1313,'송암테니스장','코로나','2020-10-23'),(1314,'송암테니스장','코로나','2020-10-24'),(1315,'송암테니스장','코로나','2020-10-25'),(1316,'송암테니스장','코로나','2020-10-26'),(1317,'송암테니스장','코로나','2020-10-27'),(1318,'송암테니스장','코로나','2020-10-28'),(1319,'송암테니스장','코로나','2020-10-29'),(1320,'송암테니스장','코로나','2020-10-30'),(1321,'송암테니스장','코로나','2020-10-31'),(1322,'보조경기장','게이트볼대회(춘천)','2020-11-02'),(1323,'보조경기장','게이트볼대회(춘천)','2020-11-03'),(1324,'송암테니스장','코로나','2020-11-01'),(1325,'송암테니스장','코로나','2020-11-02'),(1326,'송암테니스장','코로나','2020-11-03'),(1327,'송암테니스장','코로나','2020-11-04'),(1328,'송암테니스장','코로나','2020-11-05'),(1329,'송암테니스장','코로나','2020-11-06'),(1330,'송암테니스장','코로나','2020-11-07'),(1331,'송암테니스장','코로나','2020-11-08'),(1332,'송암테니스장','코로나','2020-11-09'),(1333,'송암테니스장','코로나','2020-11-10'),(1334,'송암테니스장','코로나','2020-11-11'),(1335,'송암테니스장','코로나','2020-11-12'),(1336,'송암테니스장','코로나','2020-11-13'),(1337,'송암테니스장','코로나','2020-11-14'),(1338,'송암테니스장','코로나','2020-11-15'),(1339,'송암테니스장','코로나','2020-11-16'),(1385,'송암테니스장','코로나','2021-01-01'),(1386,'송암테니스장','코로나','2021-01-02'),(1390,'거두리인조잔디구장','코로나19인한 임시 휴장','2020-11-24'),(1391,'거두리인조잔디구장','코로나19인한 임시 휴장','2020-11-25'),(1392,'거두리인조잔디구장','코로나19인한 임시 휴장','2020-11-26'),(1393,'거두리인조잔디구장','코로나19인한 임시 휴장','2020-11-27'),(1394,'거두리인조잔디구장','코로나19인한 임시 휴장','2020-11-28'),(1395,'거두리인조잔디구장','코로나19인한 임시 휴장','2020-11-29'),(1396,'거두리인조잔디구장','코로나19인한 임시 휴장','2020-11-30'),(1397,'거두리인조잔디구장','코로나19인한 임시 휴장','2020-12-01'),(1398,'거두리인조잔디구장','코로나19인한 임시 휴장','2020-12-02'),(1399,'거두리인조잔디구장','코로나19인한 임시 휴장','2020-12-03'),(1400,'거두리인조잔디구장','코로나19인한 임시 휴장','2020-12-04'),(1401,'거두리인조잔디구장','코로나19인한 임시 휴장','2020-12-05'),(1402,'거두리인조잔디구장','코로나19인한 임시 휴장','2020-12-06'),(1403,'거두리인조잔디구장','코로나19인한 임시 휴장','2020-12-07'),(1404,'거두리인조잔디구장','코로나19인한 임시 휴장','2020-12-08'),(1405,'거두리인조잔디구장','코로나19인한 임시 휴장','2020-12-09'),(1406,'거두리인조잔디구장','코로나19인한 임시 휴장','2020-12-10'),(1407,'거두리인조잔디구장','코로나19인한 임시 휴장','2020-12-11'),(1408,'거두리인조잔디구장','코로나19인한 임시 휴장','2020-12-12'),(1409,'송암테니스장','코로나','2020-11-21'),(1410,'송암테니스장','코로나','2020-11-22'),(1411,'송암테니스장','코로나','2020-11-23'),(1412,'송암테니스장','코로나','2020-11-24'),(1413,'송암테니스장','코로나','2020-11-25'),(1414,'송암테니스장','코로나','2020-11-26'),(1415,'송암테니스장','코로나','2020-11-27'),(1416,'송암테니스장','코로나','2020-11-28'),(1417,'거두리인조잔디구장','코로나19인한 임시 휴장','2020-12-13'),(1418,'송암테니스장','코로나','2020-11-29'),(1419,'거두리인조잔디구장','코로나19인한 임시 휴장','2020-12-14'),(1420,'송암테니스장','코로나','2020-11-30'),(1421,'거두리인조잔디구장','코로나19인한 임시 휴장','2020-12-15'),(1422,'송암테니스장','코로나','2020-12-01'),(1423,'거두리인조잔디구장','코로나19인한 임시 휴장','2020-12-16'),(1424,'거두리인조잔디구장','코로나19인한 임시 휴장','2020-12-17'),(1425,'송암테니스장','코로나','2020-12-02'),(1426,'송암테니스장','코로나','2020-12-03'),(1427,'송암테니스장','코로나','2020-12-04'),(1428,'송암테니스장','코로나','2020-12-05'),(1429,'거두리인조잔디구장','코로나19인한 임시 휴장','2020-12-18'),(1430,'거두리인조잔디구장','코로나19인한 임시 휴장','2020-12-19'),(1431,'거두리인조잔디구장','코로나19인한 임시 휴장','2020-12-20'),(1432,'거두리인조잔디구장','코로나19인한 임시 휴장','2020-12-21'),(1433,'거두리인조잔디구장','코로나19인한 임시 휴장','2020-12-22'),(1434,'거두리인조잔디구장','코로나19인한 임시 휴장','2020-12-23'),(1435,'거두리인조잔디구장','코로나19인한 임시 휴장','2020-12-24'),(1436,'거두리인조잔디구장','코로나19인한 임시 휴장','2020-12-25'),(1437,'거두리인조잔디구장','코로나19인한 임시 휴장','2020-12-26'),(1438,'거두리인조잔디구장','코로나19인한 임시 휴장','2020-12-27'),(1439,'거두리인조잔디구장','코로나19인한 임시 휴장','2020-12-28'),(1440,'거두리인조잔디구장','코로나19인한 임시 휴장','2020-12-29'),(1441,'거두리인조잔디구장','코로나19인한 임시 휴장','2020-12-30'),(1442,'거두리인조잔디구장','코로나19인한 임시 휴장','2020-12-31'),(1443,'거두리인조잔디구장','코로나19인한 임시 휴장(16시부터)','2020-11-21'),(1444,'거두리인조잔디구장','코로나19인한 임시 휴장','2020-11-22'),(1445,'거두리인조잔디구장','코로나19인한 임시 휴장','2020-11-23'),(1446,'보조경기장','코로나19 확산방지 임시휴관','2020-11-24'),(1447,'보조경기장','코로나19 확산방지 임시휴관','2020-11-25'),(1448,'보조경기장','코로나19 확산방지 임시휴관','2020-11-26'),(1449,'보조경기장','코로나19 확산방지 임시휴관','2020-11-27'),(1450,'보조경기장','코로나19 확산방지 임시휴관','2020-11-28'),(1451,'보조경기장','코로나19 확산방지 임시휴관','2020-11-29'),(1452,'보조경기장','코로나19 확산방지 임시휴관','2020-11-30'),(1453,'보조경기장','코로나19 확산방지 임시휴관','2020-12-01'),(1454,'보조경기장','코로나19 확산방지 임시휴관','2020-12-02'),(1455,'보조경기장','코로나19 확산방지 임시휴관','2020-12-03'),(1456,'보조경기장','코로나19 확산방지 임시휴관','2020-12-04'),(1457,'보조경기장','코로나19 확산방지 임시휴관','2020-12-05'),(1458,'보조경기장','코로나19 확산방지 임시휴관','2020-12-06'),(1459,'보조경기장','코로나19 확산방지 임시휴관','2020-12-07'),(1460,'보조경기장','코로나19 확산방지 임시휴관','2020-12-08'),(1461,'보조경기장','코로나19 확산방지 임시휴관','2020-12-09'),(1462,'보조경기장','코로나19 확산방지 임시휴관','2020-12-10'),(1463,'보조경기장','코로나19 확산방지 임시휴관','2020-12-11'),(1464,'보조경기장','코로나19 확산방지 임시휴관','2020-12-12'),(1465,'보조경기장','코로나19 확산방지 임시휴관','2020-12-13'),(1466,'보조경기장','코로나19 확산방지 임시휴관','2020-11-21'),(1467,'보조경기장','코로나19 확산방지 임시휴관','2020-11-22'),(1468,'보조경기장','코로나19 확산방지 임시휴관','2020-11-23'),(1469,'보조경기장','코로나19 확산방지 임시휴관','2020-12-14'),(1470,'보조경기장','코로나19 확산방지 임시휴관','2020-12-15'),(1471,'보조경기장','코로나19 확산방지 임시휴관','2020-12-16'),(1472,'보조경기장','코로나19 확산방지 임시휴관','2020-12-17'),(1473,'보조경기장','코로나19 확산방지 임시휴관','2020-12-18'),(1474,'보조경기장','코로나19 확산방지 임시휴관','2020-12-19'),(1475,'보조경기장','코로나19 확산방지 임시휴관','2020-12-20'),(1476,'신북체육시설','코로나','2020-11-24'),(1477,'신북체육시설','코로나','2020-11-25'),(1478,'신북체육시설','코로나','2020-11-26'),(1479,'신북체육시설','코로나','2020-11-27'),(1480,'신북체육시설','코로나','2020-11-28'),(1481,'신북체육시설','코로나','2020-11-29'),(1482,'신북체육시설','코로나','2020-11-30'),(1483,'신북체육시설','코로나','2020-12-01'),(1484,'신북체육시설','코로나','2020-12-02'),(1485,'신북체육시설','코로나','2020-12-03'),(1486,'신북체육시설','코로나','2020-12-04'),(1487,'신북체육시설','코로나','2020-12-05'),(1488,'신북체육시설','코로나','2020-12-06'),(1489,'신북체육시설','코로나','2020-12-07'),(1490,'신북체육시설','코로나','2020-12-08'),(1491,'신북체육시설','코로나','2020-12-09'),(1492,'신북체육시설','코로나','2020-12-10'),(1493,'신북체육시설','코로나','2020-12-11'),(1494,'신북체육시설','코로나','2020-12-12'),(1495,'신북체육시설','코로나','2020-12-13'),(1496,'신북체육시설','코로나','2020-12-14'),(1497,'신북체육시설','코로나','2020-12-15'),(1498,'신북체육시설','코로나','2020-12-16'),(1499,'신북체육시설','코로나','2020-12-17'),(1500,'신북체육시설','코로나','2020-12-18'),(1501,'신북체육시설','코로나','2020-12-19'),(1502,'신북체육시설','코로나','2020-12-20'),(1503,'신북체육시설','코로나','2020-12-21'),(1504,'신북체육시설','코로나','2020-12-22'),(1505,'신북체육시설','코로나','2020-12-23'),(1506,'신북체육시설','코로나','2020-12-24'),(1507,'신북체육시설','코로나','2020-12-26'),(1508,'신북체육시설','코로나','2020-12-27'),(1509,'신북체육시설','코로나','2020-12-28'),(1510,'신북체육시설','코로나','2020-12-29'),(1511,'신북체육시설','코로나','2020-12-30'),(1512,'신북체육시설','코로나','2020-12-31'),(1513,'신북체육시설','코로나','2020-12-25'),(1514,'송암테니스장','코로나','2020-12-06'),(1515,'송암테니스장','코로나','2020-12-07'),(1516,'송암테니스장','코로나','2020-12-08'),(1517,'송암테니스장','코로나','2020-12-09'),(1518,'송암테니스장','코로나','2020-12-10'),(1519,'송암테니스장','코로나','2020-12-11'),(1520,'송암테니스장','코로나','2020-12-12'),(1521,'송암테니스장','코로나','2020-12-13'),(1522,'송암테니스장','코로나','2020-12-14'),(1523,'송암테니스장','코로나','2020-12-15'),(1524,'송암테니스장','코로나','2020-12-16'),(1525,'송암테니스장','코로나','2020-12-17'),(1526,'송암테니스장','코로나','2020-12-18'),(1527,'송암테니스장','코로나','2020-12-19'),(1528,'송암테니스장','코로나','2020-12-20'),(1529,'송암테니스장','코로나','2020-12-21'),(1530,'송암테니스장','코로나','2020-12-22'),(1531,'송암테니스장','코로나','2020-12-23'),(1532,'송암테니스장','코로나','2020-12-24'),(1533,'송암테니스장','코로나','2020-12-25'),(1534,'송암테니스장','코로나','2020-12-26'),(1535,'송암테니스장','코로나','2020-12-27'),(1536,'송암테니스장','코로나','2020-12-28'),(1537,'송암테니스장','코로나','2020-12-29'),(1538,'송암테니스장','코로나','2020-12-30'),(1539,'송암테니스장','코로나','2020-12-31'),(1540,'보조경기장','코로나19 확산방지 임시휴관','2020-12-21'),(1541,'보조경기장','코로나19 확산방지 임시휴관','2020-12-22'),(1542,'보조경기장','코로나19 확산방지 임시휴관','2020-12-23'),(1543,'보조경기장','코로나19 확산방지 임시휴관','2020-12-24'),(1544,'보조경기장','코로나19 확산방지 임시휴관','2020-12-25'),(1545,'보조경기장','코로나19 확산방지 임시휴관','2020-12-26'),(1546,'보조경기장','코로나19 확산방지 임시휴관','2020-12-27'),(1547,'보조경기장','코로나19 확산방지 임시휴관','2020-12-28'),(1548,'보조경기장','코로나19 확산방지 임시휴관','2020-12-29'),(1549,'보조경기장','코로나19 확산방지 임시휴관','2020-12-30'),(1550,'보조경기장','코로나19 확산방지 임시휴관','2020-12-31'),(1551,'거두리인조잔디구장','코로나19인한 임시 휴장','2021-01-01'),(1552,'거두리인조잔디구장','코로나19인한 임시 휴장','2021-01-02'),(1553,'거두리인조잔디구장','코로나19인한 임시 휴장','2021-01-03'),(1554,'거두리인조잔디구장','코로나19인한 임시 휴장','2021-01-04'),(1555,'거두리인조잔디구장','코로나19인한 임시 휴장','2021-01-05'),(1556,'거두리인조잔디구장','코로나19인한 임시 휴장','2021-01-06'),(1557,'거두리인조잔디구장','코로나19인한 임시 휴장','2021-01-07'),(1558,'거두리인조잔디구장','코로나19인한 임시 휴장','2021-01-08'),(1559,'거두리인조잔디구장','코로나19인한 임시 휴장','2021-01-09'),(1560,'거두리인조잔디구장','코로나19인한 임시 휴장','2021-01-10'),(1561,'거두리인조잔디구장','코로나19인한 임시 휴장','2021-01-11'),(1562,'거두리인조잔디구장','코로나19인한 임시 휴장','2021-01-12'),(1563,'거두리인조잔디구장','코로나19인한 임시 휴장','2021-01-13'),(1564,'거두리인조잔디구장','코로나19인한 임시 휴장','2021-01-14'),(1565,'거두리인조잔디구장','코로나19인한 임시 휴장','2021-01-15'),(1566,'거두리인조잔디구장','코로나19인한 임시 휴장','2021-01-16'),(1567,'거두리인조잔디구장','코로나19인한 임시 휴장','2021-01-17'),(1568,'거두리인조잔디구장','코로나19인한 임시 휴장','2021-01-18'),(1569,'거두리인조잔디구장','코로나19인한 임시 휴장','2021-01-19'),(1570,'거두리인조잔디구장','코로나19인한 임시 휴장','2021-01-20'),(1571,'거두리인조잔디구장','코로나19인한 임시 휴장','2021-01-21'),(1572,'거두리인조잔디구장','코로나19인한 임시 휴장','2021-01-22'),(1573,'거두리인조잔디구장','코로나19인한 임시 휴장','2021-01-23'),(1574,'거두리인조잔디구장','코로나19인한 임시 휴장','2021-01-24'),(1575,'거두리인조잔디구장','코로나19인한 임시 휴장','2021-01-25'),(1576,'거두리인조잔디구장','코로나19인한 임시 휴장','2021-01-26'),(1577,'거두리인조잔디구장','코로나19인한 임시 휴장','2021-01-27'),(1578,'거두리인조잔디구장','코로나19인한 임시 휴장','2021-01-28'),(1579,'거두리인조잔디구장','코로나19인한 임시 휴장','2021-01-29'),(1580,'거두리인조잔디구장','코로나19인한 임시 휴장','2021-01-30'),(1581,'거두리인조잔디구장','코로나19인한 임시 휴장','2021-01-31'),(1582,'보조경기장','코로나 19 확산방지 임시휴관','2021-01-01'),(1583,'보조경기장','코로나 19 확산방지 임시휴관','2021-01-02'),(1584,'보조경기장','코로나 19 확산방지 임시휴관','2021-01-03'),(1585,'보조경기장','코로나 19 확산방지 임시휴관','2021-01-04'),(1586,'보조경기장','코로나 19 확산방지 임시휴관','2021-01-05'),(1587,'보조경기장','코로나 19 확산방지 임시휴관','2021-01-06'),(1588,'보조경기장','코로나 19 확산방지 임시휴관','2021-01-07'),(1589,'보조경기장','코로나 19 확산방지 임시휴관','2021-01-08'),(1590,'보조경기장','코로나 19 확산방지 임시휴관','2021-01-09'),(1591,'보조경기장','코로나 19 확산방지 임시휴관','2021-01-10'),(1592,'보조경기장','코로나 19 확산방지 임시휴관','2021-01-11'),(1593,'보조경기장','코로나 19 확산방지 임시휴관','2021-01-12'),(1594,'보조경기장','코로나 19 확산방지 임시휴관','2021-01-13'),(1595,'보조경기장','코로나 19 확산방지 임시휴관','2021-01-14'),(1596,'보조경기장','코로나 19 확산방지 임시휴관','2021-01-15'),(1597,'보조경기장','코로나 19 확산방지 임시휴관','2021-01-16'),(1598,'보조경기장','코로나 19 확산방지 임시휴관','2021-01-17'),(1599,'보조경기장','코로나 19 확산방지 임시휴관','2021-01-18'),(1600,'보조경기장','코로나 19 확산방지 임시휴관','2021-01-19'),(1601,'보조경기장','코로나 19 확산방지 임시휴관','2021-01-20'),(1602,'보조경기장','코로나 19 확산방지 임시휴관','2021-01-21'),(1603,'보조경기장','코로나 19 확산방지 임시휴관','2021-01-22'),(1604,'보조경기장','코로나 19 확산방지 임시휴관','2021-01-23'),(1605,'보조경기장','코로나 19 확산방지 임시휴관','2021-01-24'),(1606,'보조경기장','코로나 19 확산방지 임시휴관','2021-01-25'),(1607,'보조경기장','코로나 19 확산방지 임시휴관','2021-01-26'),(1608,'보조경기장','코로나 19 확산방지 임시휴관','2021-01-27'),(1609,'보조경기장','코로나 19 확산방지 임시휴관','2021-01-28'),(1610,'보조경기장','코로나 19 확산방지 임시휴관','2021-01-29'),(1611,'보조경기장','코로나 19 확산방지 임시휴관','2021-01-30'),(1612,'보조경기장','코로나 19 확산방지 임시휴관','2021-01-31'),(1613,'송암테니스장','코로나','2021-01-03'),(1614,'송암테니스장','코로나','2021-01-04'),(1615,'송암테니스장','코로나','2021-01-05'),(1616,'송암테니스장','코로나','2021-01-06'),(1617,'송암테니스장','코로나','2021-01-07'),(1618,'송암테니스장','코로나','2021-01-08'),(1619,'송암테니스장','코로나','2021-01-09'),(1620,'송암테니스장','코로나','2021-01-10'),(1621,'송암테니스장','코로나','2021-01-11'),(1622,'송암테니스장','코로나','2021-01-12'),(1623,'송암테니스장','코로나','2021-01-13'),(1624,'송암테니스장','코로나','2021-01-14'),(1625,'송암테니스장','코로나','2021-01-15'),(1626,'송암테니스장','코로나','2021-01-16'),(1627,'송암테니스장','코로나','2021-01-17'),(1628,'송암테니스장','코로나','2021-01-18'),(1629,'송암테니스장','코로나','2021-01-19'),(1630,'송암테니스장','코로나','2021-01-20'),(1631,'송암테니스장','코로나','2021-01-21'),(1632,'송암테니스장','코로나','2021-01-22'),(1633,'송암테니스장','코로나','2021-01-23'),(1634,'송암테니스장','코로나','2021-01-24'),(1635,'송암테니스장','코로나','2021-01-25'),(1636,'송암테니스장','코로나','2021-01-26'),(1637,'송암테니스장','코로나','2021-01-27'),(1638,'송암테니스장','코로나','2021-01-28'),(1639,'송암테니스장','코로나','2021-01-29'),(1640,'송암테니스장','코로나','2021-01-30'),(1641,'송암테니스장','코로나','2021-01-31'),(1642,'송암테니스장','코로나','2021-02-01'),(1645,'신북체육시설','코로나','2021-01-13'),(1646,'신북체육시설','코로나','2021-01-14'),(1647,'신북체육시설','코로나','2021-01-15'),(1648,'신북체육시설','코로나','2021-01-16'),(1649,'신북체육시설','코로나','2021-01-17'),(1650,'신북체육시설','코로나','2021-01-18'),(1651,'신북체육시설','코로나','2021-01-19'),(1652,'신북체육시설','코로나','2021-01-20'),(1653,'신북체육시설','코로나','2021-01-21'),(1654,'신북체육시설','코로나','2021-01-22'),(1655,'신북체육시설','코로나','2021-01-23'),(1656,'신북체육시설','코로나','2021-01-24'),(1657,'신북체육시설','코로나','2021-01-25'),(1658,'신북체육시설','코로나','2021-01-26'),(1659,'신북체육시설','코로나','2021-01-27'),(1660,'신북체육시설','코로나','2021-01-28'),(1661,'신북체육시설','코로나','2021-01-29'),(1662,'신북체육시설','코로나','2021-01-30'),(1663,'신북체육시설','코로나','2021-02-01'),(1664,'신북체육시설','코로나','2021-02-02'),(1665,'신북체육시설','코로나','2021-02-03'),(1666,'신북체육시설','코로나','2021-02-04'),(1667,'신북체육시설','코로나','2021-02-05'),(1668,'신북체육시설','코로나','2021-02-06'),(1669,'신북체육시설','코로나','2021-02-07'),(1670,'신북체육시설','코로나','2021-02-08'),(1671,'신북체육시설','코로나','2021-02-09'),(1672,'신북체육시설','코로나','2021-02-10'),(1673,'신북체육시설','코로나','2021-02-11'),(1674,'신북체육시설','코로나','2021-02-12'),(1676,'신북체육시설','코로나','2021-02-14'),(1691,'송암테니스장','코로나','2021-02-02'),(1692,'송암테니스장','코로나','2021-02-03'),(1693,'송암테니스장','코로나','2021-02-04'),(1694,'송암테니스장','코로나','2021-02-05'),(1695,'송암테니스장','코로나','2021-02-06'),(1696,'송암테니스장','코로나','2021-02-07'),(1697,'송암테니스장','코로나','2021-02-08'),(1698,'송암테니스장','코로나','2021-02-09'),(1699,'송암테니스장','코로나','2021-02-10'),(1700,'송암테니스장','코로나','2021-02-11'),(1701,'송암테니스장','코로나','2021-02-12'),(1702,'송암테니스장','코로나','2021-02-13'),(1703,'보조경기장','코로나19 확산방지 임시휴관','2021-02-01'),(1705,'보조경기장','코로나19 확산방지 임시휴관','2021-02-02'),(1706,'보조경기장','코로나19 확산방지 임시휴관','2021-02-03'),(1707,'보조경기장','코로나19 확산방지 임시휴관','2021-02-04'),(1708,'보조경기장','코로나19 확산방지 임시휴관','2021-02-05'),(1709,'보조경기장','코로나19 확산방지 임시휴관','2021-02-06'),(1710,'보조경기장','코로나19 확산방지 임시휴관','2021-02-07'),(1711,'보조경기장','코로나19 확산방지 임시휴관','2021-02-08'),(1712,'보조경기장','코로나19 확산방지 임시휴관','2021-02-09'),(1713,'보조경기장','코로나19 확산방지 임시휴관','2021-02-10'),(1714,'보조경기장','코로나19 확산방지 임시휴관','2021-02-11'),(1715,'보조경기장','코로나19 확산방지 임시휴관','2021-02-12'),(1716,'보조경기장','코로나19 확산방지 임시휴관','2021-02-13'),(1717,'보조경기장','코로나19 확산방지 임시휴관','2021-02-14'),(1718,'거두리인조잔디구장','코로나19인한 임시 휴장','2021-02-03'),(1719,'거두리인조잔디구장','코로나19인한 임시 휴장','2021-02-04'),(1720,'거두리인조잔디구장','코로나19인한 임시 휴장','2021-02-05'),(1721,'거두리인조잔디구장','코로나19인한 임시 휴장','2021-02-06'),(1722,'거두리인조잔디구장','코로나19인한 임시 휴장','2021-02-07'),(1723,'거두리인조잔디구장','코로나19인한 임시 휴장','2021-02-08'),(1724,'거두리인조잔디구장','코로나19인한 임시 휴장','2021-02-09'),(1725,'거두리인조잔디구장','코로나19인한 임시 휴장','2021-02-10'),(1726,'거두리인조잔디구장','코로나19인한 임시 휴장','2021-02-11'),(1727,'거두리인조잔디구장','코로나19인한 임시 휴장','2021-02-12'),(1728,'거두리인조잔디구장','코로나19인한 임시 휴장','2021-02-13'),(1729,'거두리인조잔디구장','코로나19인한 임시 휴장','2021-02-14'),(1730,'거두리인조잔디구장','코로나19인한 임시 휴장','2021-02-15'),(1737,'송암테니스장','코로나','2021-02-14'),(1738,'송암테니스장','코로나','2021-02-15'),(1746,'보조경기장','코로나19 확산방지 임시휴관','2021-02-15'),(1770,'신북체육시설','코로나','2021-02-13'),(1813,'신북체육시설','조명공사','2021-03-11'),(1814,'신북체육시설','조명공사','2021-03-12'),(1815,'신북체육시설','조명공사','2021-03-15'),(1816,'신북체육시설','조명공사','2021-03-16'),(1817,'신북체육시설','조명공사','2021-03-17'),(1818,'신북체육시설','조명공사','2021-03-18'),(1819,'신북체육시설','조명공사','2021-03-19'),(1820,'신북체육시설','조명공사','2021-03-20'),(1821,'신북체육시설','조명공사','2021-03-21'),(1822,'신북체육시설','조명공사','2021-03-22'),(1823,'신북체육시설','조명공사','2021-03-23'),(1824,'신북체육시설','조명공사','2021-03-24'),(1825,'신북체육시설','조명공사','2021-03-25'),(1826,'신북체육시설','조명공사','2021-03-26'),(1827,'신북체육시설','조명공사','2021-03-27'),(1828,'신북체육시설','조명공사','2021-03-28'),(1829,'신북체육시설','조명공사','2021-03-29'),(1830,'신북체육시설','조명공사','2021-03-30'),(1831,'신북체육시설','조명공사','2021-03-31'),(1832,'신북체육시설','조명공사','2021-04-01'),(1833,'신북체육시설','조명공사','2021-04-02'),(1834,'신북체육시설','조명공사','2021-04-03'),(1835,'신북체육시설','조명공사','2021-04-04'),(1836,'신북체육시설','조명공사','2021-04-05'),(1837,'신북체육시설','조명공사','2021-04-06'),(1838,'신북체육시설','조명공사','2021-04-07'),(1839,'신북체육시설','조명공사','2021-04-08'),(1861,'거두리인조잔디구장','구조물 보강공사','2021-05-24'),(1862,'거두리인조잔디구장','구조물 보강공사','2021-05-25'),(1864,'보조경기장','시민구단 홈경기','2021-05-29'),(1865,'보조경기장','춘천 동호인 축구대회','2021-06-12'),(1866,'보조경기장','춘천 동호인 축구대회','2021-06-13'),(1891,'보조경기장','유소년축구대회','2021-12-04'),(1892,'보조경기장','유소년축구대회','2021-12-05'),(1893,'보조경기장','시민구단 홈경기','2021-08-14'),(1898,'신북체육시설','추석연휴 휴관','2021-09-21'),(1899,'신북체육시설','추석연휴 휴관','2021-09-22'),(1900,'신북체육시설','추석연휴 휴관','2021-09-20'),(1901,'보조경기장','휴관','2021-09-20'),(1902,'보조경기장','휴관','2021-09-21'),(1903,'보조경기장','휴관','2021-09-22'),(1904,'송암테니스장','추석연휴','2021-09-20'),(1905,'송암테니스장','추석연휴','2021-09-21'),(1906,'송암테니스장','추석연휴','2021-09-22'),(1908,'거두리인조잔디구장','코로나19 확산 예방을 위한 임시휴장','2021-09-20'),(1909,'거두리인조잔디구장','코로나19 확산 예방을 위한 임시휴장','2021-09-21'),(1910,'거두리인조잔디구장','코로나19 확산 예방을 위한 임시휴장','2021-09-22'),(1925,'보조경기장','게이트볼대회','2021-11-18'),(1926,'보조경기장','게이트볼대회','2021-11-19'),(1928,'신북체육시설','강원도민일보행사','2021-12-02'),(1929,'신북체육시설','강원도민일보행사','2021-12-03'),(1931,'신북체육시설','강원도민일보행사','2021-12-04'),(1932,'신북체육시설','강원도민일보행사','2021-12-05'),(1933,'신북체육시설','강원도민일보행사','2021-12-06'),(1936,'꿈자람어린이공원','꿈자람어린이공원 휴관','2022-01-01'),(1938,'꿈자람어린이공원','월요일 정기 휴관','2021-11-22'),(1939,'꿈자람어린이공원','월요일 정기 휴관','2021-11-29'),(1940,'꿈자람어린이공원','월요일 정기 휴관','2021-12-06'),(1941,'꿈자람어린이공원','월요일 정기 휴관','2021-12-13');
/*!40000 ALTER TABLE `휴관날` ENABLE KEYS */;
UNLOCK TABLES;
/*!40103 SET TIME_ZONE=@OLD_TIME_ZONE */;

/*!40101 SET SQL_MODE=@OLD_SQL_MODE */;
/*!40014 SET FOREIGN_KEY_CHECKS=@OLD_FOREIGN_KEY_CHECKS */;
/*!40014 SET UNIQUE_CHECKS=@OLD_UNIQUE_CHECKS */;
/*!40101 SET CHARACTER_SET_CLIENT=@OLD_CHARACTER_SET_CLIENT */;
/*!40101 SET CHARACTER_SET_RESULTS=@OLD_CHARACTER_SET_RESULTS */;
/*!40101 SET COLLATION_CONNECTION=@OLD_COLLATION_CONNECTION */;
/*!40111 SET SQL_NOTES=@OLD_SQL_NOTES */;

-- Dump completed on 2024-06-09 17:40:59
